User ID,Name
0,xbkNqALuRoY
1,hisLX6dAr
2,ummk2eugX92L
3,EYudBoXhtntnmH
4,R4aV1
5,g
6,UbqYCzfjy
7,7F1zjQWg7WWhwJ
8,GIz1
9,wrIOQCW1
10,dIQyw
11,v1
12,gUSp1FDHAD8g2
13,e2222
14,N2r6vnu9eyQD
15,i9
16,K2femz5sgf6S5
17,GlcsDIavclZtP1
18,bkRjLHhy
19,VGzRR
20,bpb7dCTkmqUz0
21,TT
22,RmGQbyjbjgL
23,i6p
24,RdjLTcARWxF
25,gBSCqxA
26,0PbtV
27,384z
28,gms
29,BqHGH4wS
30,cSa
31,BsqTFjV
32,MKAlA
33,tKaUzSK2JOV8Kf
34,H3OlHRF510LGnHz
35,h8OBWd9LWKDV
36,PWcTHeaAtgF6uy
37,uf3HeYFc6
38,jZ2wCIVcfHk
39,90c9etG
40,mWo8prl36R1HqGX
41,IiVo8PDo
42,h
43,3eZWK
44,CVcqlY
45,igHA7Q
46,mBnHwkgvSOPnV
47,MPsimR5mZ3B7s
48,QPVr
49,dktro
50,hUFp
51,Eudc3Aj3z
52,dKJBhUvxiAE81O
53,rR35
54,URxD
55,k1HXHAvx
56,eqEIWYNnSk
57,XXBP3ab41
58,nJH
59,aPnk
60,Trc9UJRij9h
61,QY2i
62,L3Je1w
63,q0v
64,XRxYLGIlk5D
65,ra
66,3AvCE
67,d
68,4gUY84NGhgsC6H9
69,MR
70,j
71,4je2Rz45yRq
72,tO9aI7SILyCYsk
73,6zZMB
74,ms60W
75,gvazG
76,R2hljssoa0nne
77,2xj9
78,r0i2ENgHK0D
79,XlW5
80,v1EwXveAJe
81,0PIWDPOMeJgtXUx
82,pG628Tv96VAXr
83,C2JoemA
84,glLcTrYLl
85,BtxCjkSR7JmA
86,KXpJfQpgUv3MiN
87,tIW
88,RYGgjquxvoHcU
89,cLcIBp5C8e
90,2YGCdPQE9o
91,ic5gf4OdpX9nTO
92,2CyQYvSDvhAVK
93,uE34Rf95NFzh0g
94,Ek3ltua05eqkDx
95,MSbrEQr
96,doK3NWKZ
97,J
98,AuGKgJaRw2r
99,bof
100,rYaBky7BY11f
101,ANTzYo8
102,8o
103,IUtiaYK
104,0rdX6oYUqvKSANa
105,VrAiL
106,641ztFG
107,W3
108,u
109,D2eFX2XDw8BiVB
110,oIVBFcbY0JBc
111,5gFECB2wEiUz9zg
112,tkVfgCeqa74
113,r7pjrYeQRKpqeqg
114,MPAb
115,m9QRGFFpBzb
116,nIXsTsCiwowBzI8
117,KY9YNw3csJVBp
118,u
119,Ex
120,Z6EzFxz29anB
121,iGdmzXepi6
122,sSBtP2504e8H9
123,rVtIO4shPvUFjXZ
124,f7BhwBHGr
125,Lt3
126,3xG
127,mCu
128,oPJyMEeMC3iy9
129,QpjF2nTkY3k2
130,YYSbnpirqL
131,ENfwF0
132,UsURRHWruBiTLE
133,Qp2k
134,CsY1n08vFOR
135,G5TwC
136,gfipr9PFwr
137,oE4U
138,yFNIfAg9WjGOOL
139,O
140,dODf7vvib
141,82FORPGE5yR4m
142,RJ5
143,vFLnJZX1nU
144,U4cYag
145,1
146,xPJiuq
147,sK4iL1YulbslqDt
148,0g07Ta1YrXqSEMv
149,WOKnwKgOUv2fr5
150,SOs
151,McZp8vbsDaBaf
152,SPUhi
153,CUsyUaOpX
154,IWL
155,IoiiGroWTAm2F
156,qkws4RKA
157,0fsQFZE3Ct
158,3P71KG1XpMeTw
159,SjaXNlGQRjkq4E
160,lG3Y6
161,SGM9
162,0JwYjB9yp
163,m
164,8jpXN8
165,d8nl5S0cNvW
166,zt
167,6Rbx9qGVGqipe
168,IeXxLc6mlnwkk4
169,MFSpozkcc4Lkd0
170,OBR9lO
171,d6XbizD
172,paapwnsdI5
173,6H
174,au
175,32s
176,FVrCOR4uuH2TB
177,rCdhpILB
178,BPQB
179,g2xRv
180,P
181,rbvrn67
182,s
183,SM3eLUdE
184,x4RDW9pLlp
185,ebl3
186,XLtTe
187,sWYr
188,OWjZZTGvjX5Gf2Q
189,qqbzurGD
190,a
191,0MKZtlrkE
192,eKqNQLXOX
193,Cc3CwIjO
194,g2ZNS
195,l5
196,PqOIMzRgFqm
197,kI
198,VLCGuNub6
199,OEVuR
200,ABgdJcD7wz4
201,pA7fUPPtAPIO
202,VpPDvW6uu
203,h8ScY2rQMQrj3DV
204,Herg
205,ike
206,nMevbChDoB
207,xRNp9Hg2HrcpH
208,wHc2Y
209,HT
210,ejaN3lccM
211,sL6COKK1lsDL2
212,MvDR76mR
213,cv2qsWb
214,bV
215,R6vYACE
216,l
217,fK4P62
218,PUPivWu
219,C16PJh
220,9OTxm55bvbd5xsK
221,w42SQyT0p08X
222,b1eiwwm6C
223,Qm6phD25eh88
224,s4sY
225,HZ6B
226,rW2ezQqT
227,gujTW
228,Ddy
229,f5VKod7GSiTex6
230,Kv
231,YvA6g
232,IEw5NVW1a4s
233,E1VQU
234,son4lPCg0aI
235,3C8dkb7
236,FN
237,5KDF0SQ
238,UAlGXvA
239,EhzPUzEYwC6
240,lZXVrZZ
241,xjoZ6zkhst0
242,2yFC
243,VO8w
244,mPCybchJGVIY
245,xqaUZFc
246,5HUMcH7WGNo
247,seOa3ZGMnY
248,tTLyHe0hq20tW
249,M7nMZQ2j
250,W6NK4l7
251,5om
252,Ff4Q
253,E56Xeaa
254,Duppj84E3iQ5
255,vs0nN
256,PD9nVJH7owWYMUd
257,RvxpTFVlLg4I
258,eaqsT
259,ERJkqu3
260,hvvAyqdi4g
261,KRXjOrx
262,v4nG97
263,yOSyhx4mifQj
264,dpb5g22tv
265,hqoZXlsAL
266,E5xaZVpPf0cX
267,WqXO
268,bdiMM
269,SGIuZ
270,QmO
271,Bh9
272,0VOb7RN2QG
273,LaG
274,o0Dcc0C447pDQ
275,loujyh1
276,kInY4Bt
277,t3iogKau5xHa3qu
278,mtASBza
279,Cx34e6Mr
280,A2
281,g
282,FvHBaluoAnH
283,dCPbQxdp
284,ygKNN9FXd5podz
285,xLt
286,d1vw
287,Jkb
288,dV1EyDH
289,G87wH73F1O9HA5U
290,LPGwaBD
291,4qTFI99
292,U
293,P0MaV0m0Tw
294,Q
295,ohYUfumSKWyzbAN
296,elkOnYMfsnL
297,Us04nzr
298,kN6
299,bAMaKsH
300,J
301,tkHlH
302,QI
303,6A4Jb1gSywrnp
304,ATMO9dpipUqouMm
305,jSDnQl6
306,VqAPV
307,0ZJjWTruECH
308,QWtBDpsihWZBt
309,QOM68MVYSn
310,Qv53Ljp
311,HV1X
312,ejc3FfZ
313,vLUnvO9hGx374oj
314,C7h
315,ff3YNXh1wc
316,Q
317,KQB
318,KB
319,n1QGJnfkf2Qrnl
320,iEbwBytcb
321,EoeBZ
322,vNejDMdvl6zucSB
323,DRjuakFgQ20glr
324,9V9jpox
325,d5yhpzlUUJ
326,6KoUEp0WB
327,PmsJwHo
328,J
329,FBj
330,zH
331,IlHFvLJX
332,aSg
333,aDTvIE4
334,7oW2CRVeun8M
335,u2do5
336,ggtm2HNp
337,zqMY3MT
338,CKrsTEfLLltewS
339,A6eJAXSiIsv
340,kHTdA
341,p
342,3EKPOLI30Y
343,eXcROIWKyoYpp
344,AAaflMCv5
345,Zo5r
346,UCzEb0iYGVG
347,ycWmnh23Cx2JjY
348,ULkga
349,Ufq3R
350,QRhwhT7gV3dhG5
351,ZeVzxLCTZ8Fo
352,bg7LHTB9EjzbO
353,9sUll
354,OhzHm46yK05L
355,OuW4MNjs
356,dd9T73GeH
357,uHVfJ3ay3hieRhz
358,n6gYkRc9amX5
359,9Db3Xqgx
360,Zpoy9tf
361,VJe8er
362,bQSlDjlGwI
363,0RA
364,xiF7h
365,fT7MQfjvbaPxw
366,HuGcSP2xo
367,e3eJLW2
368,ERvjZdkBUHGAvX
369,U08jpD0
370,5n
371,9MM
372,yWJFe
373,0jI
374,swVyX8o10
375,t68GaC6
376,Fp4VbRLaldyJAdt
377,4DIQOAu9Mixw
378,XCcOAiu
379,YFEodOWENll
380,sk6
381,LX7TJ7
382,cq
383,XNTkKBRKX4
384,lrXS7WEleyFK
385,JlLmju5fI85vMJV
386,Mn9ZO1UwBVauE
387,P0O8ccS
388,sHS
389,ZKP
390,kTf89ZEoYZ
391,CZw
392,XEF
393,HXXlJS
394,bHl0FBPURH
395,6rhWuIa2JKXyhZ
396,WjvWWr
397,9F1j2gW9K
398,nztK357Td
399,XW
400,YIkMogmTIRjSQ
401,dhmZO5
402,6uqua56FMFFhTRf
403,prO3GLCkVk
404,d7mAHHtb
405,xz4
406,NzDM
407,vbHTdTt3D
408,qmxWeNwb90T
409,EA4v3mEg
410,Yyr2G
411,yhi
412,rAhsAnp
413,e7dSiyJQz3nzhuD
414,QTgYPXQeNCq
415,DKBQkzy9ojXE
416,GQenJ2N
417,ZMy2s7Av
418,0IVddt5
419,aCbx1fk3J3SJlX
420,em6mZED
421,brtAZfYj2XOSId
422,EeCOp1WBeb
423,OYzEabJLns7qP1
424,3
425,x3hc
426,E1lKaFP
427,8Bx5d
428,ibEz9OaPbGaR
429,osh
430,sI8
431,7O4VHaqzu
432,3YGTIvzIV
433,JF1gudH1KaWwz
434,ZqGxdTOMs6Ev6
435,yNFLKJ
436,p2PZd
437,r4fj
438,ZHz8nPNowvllt6
439,jgQtlYuYNrdUReN
440,TafXSygoDP
441,F395
442,j2ek
443,W3
444,BlA0Sekz
445,Y
446,gWQYE
447,5ghPQaTp
448,iR9
449,r9VLnzCCMlkX
450,FJDskeA
451,BrrwCMqnW52q
452,ndp
453,hG8goBfFO
454,ItvVKX
455,IVGJgkNm7K
456,hscUu
457,LOkSyBve
458,1CZYp5JGplSr
459,gYtykH
460,zQ
461,6
462,ZT
463,CXJMLuvH2q5SXD
464,Nita3S
465,NrdHBmq
466,y2q5uDJ1xe3
467,9
468,d1yna
469,m
470,yREGXcLyv6
471,0vbcI
472,9XHRdUQd16DW6i
473,zn9swTs
474,iqYzWoUf
475,jjxVdZnpC
476,u87QVhSExIw7
477,smdUGOvme9Nti
478,zs1yfD
479,2
480,PyEyi1H
481,WesJnd5t
482,hgNR8A
483,GEK
484,Wkjc7KdCU4T
485,hDNaSRydSXQk
486,r32pvBnjR
487,ULRQRIG4dP1K9MC
488,oAZO0sppPiQ
489,WlgrYAXxTCb6
490,Sh9eMnHy
491,m9KF6L5xh
492,tRsDZX0li62lL5
493,HTFR4QHIDCSP
494,t2EBRtSaDvyW0
495,ivrDAPQg
496,78Bb57J
497,upBZT
498,VdhrIe0
499,UdZijWyHnZkFJ
500,FnFHaIQ3st5kU
501,7bdli3x7wU45PGw
502,OuSfujydXjiBge
503,EMUhw
504,3h
505,0I
506,ruCps8G7H
507,zlXd6Lr
508,A2qn
509,hB
510,4nW17
511,UQM1QYCOHhxfNI
512,x2tkepajQ
513,IjDdMxVLbzqtIA
514,Yyu0
515,Up
516,qmqHaz
517,rLrY7nRFLqpAKX
518,w5D
519,JR
520,vU
521,YLzaP
522,EkItk2p5U5QNw
523,6dPUxYo9IDs67oy
524,QJBzfk908Jl
525,sUi3nTkW
526,MFY
527,PP1LKvIO9
528,U
529,pfIzOy
530,uFpBjqsddJUXd
531,ctgSXdXbkbs
532,AcEm
533,U7I
534,AWPFa45U
535,YRts93pWE4
536,7knmpIGnSO
537,qv
538,gSL6GJiA
539,xx33QVc0ySz
540,M
541,K3k
542,iJu3p
543,pw9Ty
544,WRUWSGvyv
545,XD1h1gqW
546,HV
547,jmzfxMNYIUh0a33
548,6BBIbT4nOGKAB
549,iFrIYjy4xjJ6
550,r
551,w3wBgAGcAn2hqVY
552,TiEzk8qIrS9
553,e5G8LT
554,E7Iu
555,qEZi3ARynoIW9a
556,Q9
557,r
558,s
559,dn
560,aK
561,JVRpP7ck
562,4P4lsXbTqdzHFa
563,EDVikLuJXyQ
564,E25Yn4
565,IZbzbq8pm2U84B
566,KXnwYQqLKbFX
567,OBKpvqxDZ
568,HmANf
569,zgpl4
570,v29FABVSfxBkR
571,fwG
572,nKY6Dl
573,pc
574,Uc1jG
575,o6AC9pA
576,mUaXMBoE
577,1MGy1
578,oD
579,H7e2mc55jkxr
580,WrmXnvErnPs
581,qVL
582,p
583,PeQt6ABAaOwO
584,d2lpv1u0WjDHNB
585,cfzEAylzPm
586,Aonsug
587,iuUNjqegXs
588,Vb1T2H9u85q1
589,BN6ClUkfJKeMPj
590,JbLGTUUUV
591,o7bwlGL
592,rzK
593,wO
594,osOSen2zajGIQr
595,I68p
596,8lzPnvCJ0
597,h54keuC
598,lCvm6dd
599,tNt6J4kiH0D9A7
600,BSw4S64yvlQeqS
601,8VIa
602,7FxHgRF
603,WH8Y
604,lRALcRFGWj4K
605,t42vHi4POOnl
606,HN7sKI5GLQT
607,BQJO
608,wN
609,51oZ
610,9Hm
611,XA
612,Lmxx8ZFp
613,pBWzB1M
614,nT0loHD3zgkFRF
615,NOnNSjl
616,p4Ao
617,HIGuC
618,bfS8M
619,k8XgnGE9N
620,KOFKqD8
621,VvSpR8DtVo
622,WPNdrs
623,gH8mqp
624,dNYtW
625,hUAL4dZj4Qg8pUp
626,hp1vwayPLdHx
627,7zvJ6RlmsvAFd
628,Z6AgDKKZ7XEFN
629,AvpVzOzAissek4
630,UKKMa2scTKTX
631,qLp8UYXSxq
632,oGoutdD
633,UPcqSaYI7lsW
634,3Vc
635,ff3Rp9P
636,hnY5d2w4t
637,joE25Zj
638,FC5HtkWgj3
639,mLydW
640,P5eTioqOjcS
641,EXEzAfpoQ
642,GyYl9t
643,W
644,n8YrFz02
645,OynFs4
646,ljnRDz3W
647,AqyddoU
648,RPy6LfH3hVM41ju
649,9q6zAtwYG7PYJ
650,ZB
651,M
652,20cz
653,gcxgDBGNZoh
654,c3wnV345
655,KuT7JckTn
656,WOkRaEKBHcRhFSW
657,tXsxvz
658,brn
659,hIKHEP
660,pAv7ev
661,FOkt56MnOa
662,qn0YXsz
663,dSQBRGeO60
664,m
665,wQZvJb
666,tJxM17FunNg
667,YtBJ4gP
668,TTfvg
669,CWpI8Hls
670,hZ5LCiX4R
671,AlaMS1Ioh
672,O2my
673,26CeXMLiJWY
674,Op3U3X1C1amr
675,zT
676,wkZNQ6dUHL
677,UsfU4NRVTSa
678,tM7yEzV
679,roa7
680,GZXyrTZ
681,hSh5dYQHbF
682,rcju5087
683,APX9Lm9fWK
684,rwnriaVqWazgB
685,03ZwOR6YQNZdq
686,Y60it0o
687,Hb2hS4p5
688,IZr6T2I1YE
689,idGF20RSFpg
690,j959mkb
691,M4kcSGGpB7
692,FBH
693,9PfaS9T0C
694,KMSL8ei5
695,9wjbIuL
696,xyBV
697,60RAwX1dEMMqE0
698,FPEt
699,jYo7JV1tSvHL
700,Ron6z4bTHUD
701,8
702,4M52Z6QA
703,5XI
704,P
705,iEk
706,44lEiAkn6K
707,zriPIBFZEeyOXqh
708,oYznQAvy
709,eA6k5IgtSX01ijB
710,hzL9R
711,aylG0WM0Gh
712,tUhpYUrLqqFQS
713,rMI9237
714,hbJ8h6tOmejF
715,WT
716,Rnb5iubSVy
717,8TMSiiPXfGOIm
718,j9UmP7PqV1k
719,96Zf1FSrAIHJIR7
720,b
721,1VMnXMec
722,DZmrGyoHy
723,RGWG1FzWN
724,mWAJhqgPbPWY
725,3RlBMLubsgl
726,VY3f4kJs
727,Ez8I
728,xRhGrlo
729,hEx0r0kwQcZN4n
730,G
731,FoqwJ
732,aSSInQsHcKAY
733,gXVbnr8us
734,m
735,19QxqkXBfQDL
736,9ncKX57MKQZDbv
737,bNL26td0g
738,or1F7a
739,nlcRiqPO
740,1fXY0ofxoKN
741,wNqzbfJ3qEvwtfg
742,euSiEJU
743,dCLtnW
744,Y2KBW1v3Muk
745,bfKIyt
746,Z
747,Fye
748,ZNzojXq8RDZ
749,TU5xi6g
750,9QX
751,aGv0bf
752,auJBWuMn2
753,NYg
754,agC
755,aqVaRKyvChKvvcg
756,CuuJ5r9MMef
757,v2btbSu
758,CuKs2OyQWuUo1
759,2OGLEoal2NN
760,TI7pxHt
761,dZ
762,cG7L4
763,OsoY
764,PXbW
765,G5T8G1cFP
766,D5z5h43GTO93
767,xPzK4ODPkwWi9
768,e8rsOeQ7mVVh5
769,rXjjXQo1BVl
770,eJxWoV
771,ET97O6vaD
772,v7c
773,Rk
774,TMM5m
775,zJW
776,dA
777,OUD
778,lit8N511G
779,LOeRt7
780,sKH9OB
781,2
782,t33WpLV
783,6xnMK4
784,Ly6BrAEkkiXqD
785,LNm2H7
786,LxFGdvC
787,ffWU00tffIiQ
788,T7vWnJ
789,Zm9cx056zsab
790,Avy
791,DZXnJy3TDtwimd
792,9m
793,m8fJxpvuaMnUqy
794,vebOoP
795,5
796,n74Xa19cjI
797,lZBYiIBP2bs
798,HRhynnP2CKAf4
799,2sBRdThounwIq
800,iY5
801,uxQrT
802,ot
803,NRA2gaBB
804,Q7V80gvWNx8q
805,ywnxfPA
806,SOXoN7QkL
807,B
808,auokbZH8ECS
809,P9SQ
810,8
811,qPpA5zSPU5
812,uHTsJwcRn76Ik
813,SzW90
814,E
815,xRJRC
816,f96WNz72aI
817,HAI
818,csT8P
819,SeaxIl
820,7dAy
821,emZ
822,NZlX2NE
823,3EiHbltiE6lj1
824,pTORvnftL2zl3
825,QwrmBmFAnMl
826,D5N6
827,TqVWa
828,Q9UomB8ruxDML
829,6au09K4WmGfib
830,1raN3wYi4lRr
831,hXT
832,q52
833,7danD
834,gychh
835,C2aaqe3B346LU
836,W
837,Ap55u0M
838,rcv3JACshU
839,oZbw9Xba
840,FaH0
841,724byFtB
842,c
843,fkdmukp
844,U
845,r3
846,Z9KZKGfPt
847,wxYDokxHvLkr
848,DBFuJ7rPuQ7
849,BR2pw1I
850,21pts
851,tMB9A
852,0QGKUqC7
853,gnQ
854,aZJbUqu
855,vSEJty2MW
856,a65XOsz3ErKPlmn
857,L0R6UXy31oIUw
858,ybUeDtB
859,Mv3TpvQrr2zqpv
860,ANVhLp
861,0hUhjIE8ZHH
862,LTUt3jS5dkOkiEW
863,xc60WVyALD
864,rn4YIMVawvfXnD
865,bHjIJ2Ux
866,OKssKU
867,NCvxpER8dd5Ce
868,AqiNLBATWQWZt
869,sgKs
870,gIbrw
871,JO
872,LZ1mKHaWAE
873,XqbBQP9sBlQ
874,liWlZNpfY3rwoe
875,o6PNuP47KyrNlT
876,FyKHaATikK3Yzn
877,fSxcrlkP3G2hkB9
878,OR
879,kMRDBN17yrPPhu
880,AAyyc4x3Fw
881,InsNLLQFp4nA
882,NSfHdXIGYKvu
883,TJh
884,Zjo0uLK
885,qIeEOn6P5
886,P
887,Q1Hx5rr5VQbw
888,krKXoGxR
889,Idb5YW
890,XyiSb
891,xCvvVhqBlkRHDJ5
892,Dj0bIH7Wi
893,hlxv
894,rLV
895,kIgZ0Kfv6Ydx
896,50XeX8FUTKQo
897,wiO6z
898,JLfMCoCBZ
899,BQyyrcPF1ckmV5i
900,PmGIqYrEoJrEC
901,gmA3FQfmXDxq1
902,6gFojfawRq6
903,e6zdQ7bDKk5JMo
904,FoNQLCIHeSWFW2n
905,jP
906,YkSh
907,Qhu6YqUx4lSfE
908,5BGJJ5U
909,4t9rLqHMPU
910,YMy6AHolaBd8
911,fR7GXo
912,HsK25CRFDPcwyB0
913,6uiTM1o5G
914,k
915,n4
916,6NfWATh
917,BxZUsxpu
918,Gfq6nF05PCE
919,nOr0hyWTQ
920,0Rd4GHs5DUMkgq
921,uxQNmJjdIJf2jdN
922,U9WxlYZx6IOqm
923,MlthVVb
924,J
925,PY9
926,96dF
927,untOd0geE8KFe
928,mXoVNXg6vPCg
929,WDphTG1jy6zT
930,qW6NjxXfkywSJGI
931,hIjZqHgm
932,MJtUd4Wj055j
933,UkGDmW2afR
934,GMEmEN9oZKF
935,5OIHXpCH4
936,4EOsuud3IRW
937,SCoisQYs8Q01NPz
938,CsI
939,YtvM
940,jb3ryvoYT6aq9
941,Vv
942,ETlSgzTHiMUjD64
943,bQ
944,zatvn49BsKvEp35
945,WZQ5GKJZM6
946,G5d6Onj
947,BQZQ4OQfQg2G
948,9k7hw
949,88j49zEeYatGU
950,7wWcHsEM
951,POiiI4ETUI9m
952,bDhb1ff8
953,k
954,faj2
955,iW
956,3ZUGYeHrC7zJ
957,Qhv80sdyvLn
958,w
959,66zOXNKBd
960,H4WrJFAw
961,9
962,Uf9xDZifeyF
963,vZz3zv2
964,lu4Hyq0xX
965,uvspk2DpOPk
966,q
967,VPC3glywzULPt2d
968,3Ybpgsh5Ut
969,H2S
970,BO9Tcsvj
971,IP
972,yL1Zd
973,nsFtEoGWHDLcq
974,OSM52
975,B2YzAZq5A
976,ZID0LWQzOy
977,FRMoouEyU59zV
978,BXnNeqUoeZam
979,kzvU7
980,AJDUdGfvmA4PuFD
981,A
982,QUCW2h
983,QagZYWF8l
984,9MeUKE5TlLm1nyb
985,0ce
986,d
987,NlfO
988,WvDskXZ
989,s4
990,LuBTJApyWIPN
991,a4MT
992,oHaqqNV
993,YGhXXBUqoJAPGQ7
994,8
995,IOTmZC
996,00AaSZbfQT
997,Xf6fESdZLc7IsC
998,Vvjq
999,ZD
1000,3quzQSE3k8LY
1001,HoXjARK7OnJ6RWC
1002,DMPhskjM
1003,h1wNwhMJ6McTiH
1004,bIuJGlLFxmcL
1005,xu
1006,ONpq
1007,CyM
1008,ptergrS
1009,rVWZE2TWX5
1010,3zaM39m19lpJ
1011,I6WS
1012,h
1013,t2V7F8CNDQ
1014,cfDaJa3Pt7whvpL
1015,a0VeP9pzsMu7hjo
1016,gDMAMSRCuytKN
1017,RJT
1018,iOc15dx90v
1019,doSPV4uyexsMyy
1020,aC2k
1021,bSaIAzR2ANQ4
1022,UXCOpbf80kCOV
1023,I
1024,C1fW3sPV2
1025,oVgJxYe
1026,OdvFVPkMxVwmW9
1027,kKAX1eWmuoF
1028,d5oE
1029,PBmcMzbHQnn0rV
1030,1pk4Itig
1031,bDBL2BOnubsmRaE
1032,9
1033,DaU7uS7ve
1034,3A
1035,uPpG8v4fcX16ar
1036,p025oPg
1037,NbSNAP87rxOl
1038,rDoBIZoF6
1039,86HgWm
1040,1A1L
1041,qkkbz0Sm
1042,kTR
1043,rCQVi10E
1044,Ul
1045,cR
1046,tw5tIGTPuSFG
1047,Rl
1048,4TSPcg3nTw
1049,7vy
1050,V6O
1051,7QAAaFKh
1052,7mHZvF9K
1053,l97p9HbXz7UhSK
1054,x1ipSFkgB8iJPbW
1055,N2o34zOCBPXGej
1056,MoqYXDCvV1
1057,vPSzLmXID1OQ
1058,ehsRUIuD
1059,EMt
1060,qP4bv
1061,IrBs3D9grzbeK15
1062,RiDhAyVO0I
1063,J6Hvjt3SxZVY72
1064,pRs2NDlClf
1065,P
1066,DYYjEXP5
1067,w6NgyhlSRM6fp
1068,b00s455
1069,veOmqE3i4wW2
1070,FYeqoLsND34
1071,wbOHfCluU
1072,5reH
1073,ny
1074,JpH
1075,zk6oGbxFn4NPM
1076,YTAJ02lfCVmj
1077,Yp7gfmx
1078,RP
1079,IDgOL5m1Zry
1080,a
1081,0ZRe2bd
1082,Jzile7
1083,xxJSG6
1084,CfdW3
1085,C4DB5uQU
1086,tPl9aZrk
1087,YeI8o2mrZQuR1Ng
1088,xvNRA
1089,Xn4ZgYS0dIaa
1090,n
1091,yotbAZ1k7yN
1092,rrDmww9GyCl2
1093,SGgW
1094,o
1095,hh434lqFWSzSh9
1096,erDXo6QW
1097,bomfkoMoLdow
1098,npwxoMiIqVX1RqK
1099,730FU
1100,9
1101,08IXkceVupl6Lb
1102,O7U7se4w
1103,gw
1104,MwuO7dg9ZMx
1105,luq6
1106,icUV9rDkQ38
1107,Z
1108,z
1109,zDsCXBFIFWZW7
1110,aGbz0
1111,2
1112,kzTIVcu
1113,dUbN
1114,VoP
1115,f4JzcQ
1116,mbfnVRPR0
1117,K
1118,lsk1rYKiI
1119,evGeBqI
1120,66qcL
1121,V
1122,VW1WARbzlY83F
1123,cxIWxCtdZ9
1124,4
1125,WV8LxjOtcDXS02k
1126,SPoleRV
1127,Bk
1128,4
1129,Tw
1130,AwvHQlbDYgW
1131,PxSu1czgMb
1132,GpKoHq0We5Il
1133,MQgFzmMszmCOD
1134,o4P9
1135,zMVdx
1136,gUw
1137,gAKUPjYEAN6soA
1138,ZDdAZCnvZ99BB
1139,S
1140,BCo
1141,D0
1142,BaEabOgxvkpL
1143,8ovC8qOSsss
1144,3ArhDpKVpe1UV9
1145,v0IWb
1146,pa8ueywHz1Kzy
1147,1sv6llGrrA
1148,zV1R2x3lle
1149,s
1150,OPBMxOrKZIW
1151,93cPYBSKay
1152,XSSnvlQ
1153,wZfhS9GTw
1154,djsB
1155,N
1156,mwAuRtPFzm
1157,hH2
1158,0fya4
1159,xrP1
1160,D
1161,YCbgsqfSibWn
1162,QA3uSmJTxoKk
1163,7hhBguQ
1164,oYKuMFD7P
1165,1
1166,G1kl4ymMHat2w
1167,IdJebICXj
1168,ZazICK0ruxyLtwx
1169,zlcm
1170,60bC
1171,kdUpB5O14VyaCPx
1172,rTXQjG2kpb6h
1173,IWjR9fuTIlLgOV
1174,KredPL5iOi
1175,15LSlMZz2G
1176,FUNi
1177,eVozoav6tCMTob
1178,LRYbWoo0EWhvXZ9
1179,Py5JADfOGbO
1180,XJ
1181,omc
1182,pQ6q8W1etkOyyEN
1183,BW
1184,sUK59ccNadTc4NO
1185,vtOxo
1186,BwqIU
1187,VHTb
1188,VjEiWb39KB6
1189,MNGCV
1190,GQA3HAn98XWKYb
1191,3yyYxR3iDs
1192,Ujmud2oq
1193,M1mYhECNj
1194,l6
1195,6b8WQiyqk
1196,VceFRSj89s
1197,2GVhJDvsBYKKMZC
1198,1RNEaHpR4WwQy
1199,mOxayqiEIYGubJ
1200,fnnMepyp
1201,ZFWKxreG4FgkunA
1202,HkFXZLUrGyuv0b4
1203,e
1204,oo4C4K77Cwkx1S5
1205,Bdjby
1206,ofSOx
1207,nXgGyKQE
1208,uMIzrCr7
1209,DnjGr
1210,Z
1211,hwUI
1212,0GHA
1213,VxEj3SV
1214,G8
1215,zW2lbxSJ3IbEafm
1216,qy
1217,3Fc9BQ8yhgeIXVY
1218,kWe3MnCDzM5QZ
1219,cBM7
1220,hdNEpg
1221,69TB0AUSCso
1222,LAxHi6eEqr4
1223,CwNDuF8NLD9QI07
1224,DJWCzdsGypIO
1225,0kaLd4ylrFv0wf
1226,EF
1227,itIR8Rh7sJB7bih
1228,jefUTaOTugE
1229,HNwy
1230,SRV
1231,yRZDq4Koi2iCnj
1232,t6m5NzVQSYFd
1233,yUxwFvdr
1234,brij40fp
1235,qzQI4PDnEUY9qvV
1236,s
1237,g1zwP
1238,P
1239,K4tky2hiukV
1240,qcsiDSoQrH
1241,Dj3dYh38l
1242,eL
1243,Ybf
1244,Rr188C7u4jIBi
1245,4jALfA6k1xjc5
1246,H6zZCjiD5JnDG
1247,sG8s
1248,rFkrp
1249,YSGFfOsN5WK
1250,6uNZsc
1251,a02XxnL
1252,JSx3p8Hh0L0aMg
1253,MasoRcwPxhaFoT
1254,uD
1255,82FcUX
1256,zLAujJKyj5Oyb
1257,fRWBTXwVZOG
1258,dsrSqqJLcbqGjEj
1259,rz
1260,lJD0WjrVxYD
1261,I9y06TTO
1262,RCCPLRPc7rR4bm
1263,xQd01ZGRfnpyP
1264,lEkH159spAFLH
1265,eixp
1266,Om0DTrixi1ycvJ
1267,tS
1268,45CTkrhyklMK
1269,fk0e0
1270,zkz
1271,d4jVO
1272,HAkWjpdXT
1273,xy5f166DTVN
1274,fcFxaDibIwm1MVm
1275,xWOo
1276,KzdU8Tbw
1277,8m
1278,5zvRpikqki7z3t
1279,eXNAW685OHJEwx
1280,zgntbTWWMf
1281,I
1282,SVqCSgpmqBKcv
1283,G
1284,9E8gCDA0R7
1285,m1fzWO5H7O2Ea7a
1286,EAp6UW
1287,qBV
1288,inAPG
1289,kN
1290,L8tlJ
1291,9C
1292,sViJ
1293,ZhJEimy7iAjsIUU
1294,eb1e
1295,ZbmlkK6
1296,BWSCiFRBZnSfm0
1297,pMJK
1298,xEXeJEQaW
1299,Eqp
1300,HfFcEZeY09
1301,zP
1302,LK3XvgdB
1303,KcT54qV
1304,OzBYPDLSjtW
1305,RT8NWxASP5V6DxZ
1306,fJ
1307,wrv8BMfhfS
1308,URwUZ
1309,qDR8ccMkA62lEoH
1310,jSjbmF8O
1311,dUvdt
1312,6tSyZNY47Y
1313,zb
1314,e5zLq7bBk9zL
1315,oEmjfODL
1316,IAEVR
1317,OQD31QV
1318,Fr46
1319,2UIgam3AoPqh
1320,9Wy9Fki
1321,rgj
1322,pTDlRDLy17O
1323,zXmu7OG7jHV
1324,gNVndWeWH1ot
1325,My06YbpBHB
1326,axes5mfnNX
1327,07ar8eac
1328,r8dj6rR
1329,tOJlZYtVAYQdIGk
1330,f4bcb
1331,WPvZ
1332,R8kBNF5
1333,c
1334,C5dsVB6B4kSI
1335,e98E1
1336,ofNEI4dP
1337,YhzTiXlEUyaQlk1
1338,HwRV67Hq8IkH
1339,97xGM
1340,Q
1341,2
1342,WzcX
1343,k8GR3hcxi
1344,UG
1345,4kcArpMDq4kPyw6
1346,b
1347,mxBxUE91e65Pd5
1348,Vn0W
1349,kXt9
1350,50lVFAGxd6H0S58
1351,sNa8eNCvmjt
1352,I
1353,YO
1354,3X4KRgvGurxXG
1355,m8Iuk4TyxqL
1356,006khJ2o4YxXDXe
1357,ageB9ccZx5VG8RR
1358,JPI
1359,xgYxLnP4
1360,S2CYHTXhf704
1361,GOG
1362,xyGCfoG3k
1363,WhArbIu
1364,Qkr7eDVqJri
1365,qDDtgHFygU8
1366,m5
1367,pxy9p8PbMu
1368,3WV0RO8TVXj
1369,rn6rOy7m7
1370,JXTMEEkg7Z6eXOU
1371,M4bFon
1372,rYKn5I041hmUQ7
1373,EWNGErfKcb
1374,T2qOBrO
1375,SHh86C
1376,KcFpch6kEZceUC
1377,STyml
1378,cfvriLalTdMW
1379,c7HRXIMZAd6
1380,4ZPFp7x9
1381,L1DSGt6XZdbcQ
1382,9a8QDrD4MpE
1383,Sg07pyIjk7
1384,LrM8H4X1Fnjvtd
1385,xOsh
1386,v
1387,cycUo4
1388,sFGsY3u7xcLEULr
1389,dMRAWdTCy1Qf49t
1390,UKBY68au8YWq
1391,lgRE3
1392,REa91rA
1393,XjGm0Hxv907
1394,HIuAg
1395,P
1396,bd
1397,go5EnJu
1398,27QcqBYZy3ln
1399,Dw1YuD5gmY
1400,3
1401,Zl9xEF
1402,31oavNPdr
1403,UPESs
1404,G
1405,rh5IWk4DXc36p5S
1406,TCwMKaw6
1407,9i9IsBVBNsewFb
1408,TaqAwpAF5
1409,RwO0P6Kwc
1410,O
1411,ko3rAQIx
1412,ITs4Erm
1413,Sq
1414,qmis4O0AHL
1415,2ahihLe5
1416,5T0B1oW73d7CHqW
1417,ugN4DZ3iqpw4G6
1418,WH
1419,lWvx5Zd
1420,7l9aAF8jFJ
1421,1B6MnaMTlHM61
1422,pap6NxaXr
1423,QBDk7cpGxRx
1424,r6NZMPK
1425,MUCPolhUx20I4S
1426,w3AFVgiEqO0I6l
1427,CicTsuws982oc
1428,2qD1eNEDg
1429,Og
1430,3rE5HF
1431,GSCpAUms7
1432,JTqfQPrkJqL
1433,BQpIH
1434,2d96Riv5lz
1435,RPdRP5pnqPBOIzc
1436,aK
1437,JXknd3OX
1438,DhDlvnawkRmt
1439,m9YD4RmRU68SjN
1440,11Tg
1441,m7
1442,Vigevvoab274
1443,9SdvR
1444,BfGvL48zfa
1445,F1ybpzWFJv6Hv
1446,sSBpzl
1447,LkkSpplGT8wVR
1448,vIN6fSLgLgrrQ6
1449,0NJvMByD
1450,dE92JlUEQEoJ3
1451,632xQbxBtbNuzD
1452,c
1453,A8
1454,Da1m8Zfo
1455,3rufhlIhlTn
1456,B
1457,GHr8zGdrn
1458,8Nmybs
1459,TH
1460,CYlcmUKR
1461,2hQx3NlmJWx
1462,CZ
1463,dCaoZwt
1464,rShTLZxbN7ZnE
1465,33E
1466,nrwt4dPnTGd
1467,D8nT0
1468,2CpHgTN5uA
1469,BBE
1470,O4rjg355Vo
1471,BPl7
1472,vNIQSUBf
1473,z3uKWwS8V
1474,Vr3nYsrGlfTI7l
1475,zB0nZvYN4jI7v
1476,FowiJEtc4p5rs
1477,tEjXUrUPSGRX6K
1478,Gsfa7W091b5
1479,egddF
1480,VC94g
1481,8ilXEgOTf8Y6qb
1482,FUsy7Gprt
1483,Db
1484,JLuoaURbSri5l
1485,X
1486,of5y
1487,CbDKt
1488,uBnorWx7S
1489,th8TT
1490,aAe7xvgBQJ21yr7
1491,e7xR
1492,FJCZ
1493,KE5
1494,Edyx
1495,UYDFlxgSFMQ
1496,1dTj
1497,bedaOQ
1498,Y4I7d
1499,96JLsKVsTwU
1500,lRtii0Us1
1501,fq7qnUpNJc1odGQ
1502,ILKSWKEY3xt6m
1503,iVI7KWVHRpHjA0R
1504,ILEGMRq5QOmZ
1505,Ug
1506,J
1507,tXBUmja
1508,wynQI9P9SO
1509,6r4dL00ntD0T
1510,FdfsDJzdyGz
1511,EDNsN
1512,ZIFNVpm
1513,KI0O93IvTW
1514,9A48E
1515,praMxzZ6XFvrcpx
1516,yhBdFfsG04D
1517,9N
1518,YbD
1519,4
1520,0
1521,PL5ZX3jWdENW
1522,yRR
1523,luDHfGW6MKtYsy
1524,Wn
1525,D3e7SoZEDpykz9P
1526,GJMs9
1527,j0u5yYXmJOPZVi
1528,UOZKYg1d
1529,BzsUUcRp1AmeBp3
1530,k51PR
1531,5ePLv
1532,5omPnAdZCKEvwRB
1533,0zTePKMgMA
1534,QR4WleQRqx13s
1535,WbX7dPROxt
1536,K
1537,dMH
1538,x3O3ZyDSVAg
1539,LAvf
1540,O8LsAY8Stll
1541,pmdp
1542,AkxXkaU
1543,St
1544,lxJjc4rwdzkI
1545,cIPOt5K6mE
1546,FcPmvdoLo0c
1547,R6kh8fFmB5KTFW
1548,NV
1549,B9W2054SLFNdNYI
1550,WR
1551,gd5HCI4F
1552,oK
1553,C3mwYTEGFiD
1554,Q3Y
1555,auJZCzC8Cvd
1556,Xbrx
1557,OfzmWXmmu2uPkCa
1558,92mr1rMVCLhBonI
1559,rivE1MC
1560,75qsv
1561,N6YTM
1562,ueHJ
1563,OHLjl
1564,JhukNBvj75M
1565,bR
1566,035Kr6If
1567,0cBFV37lxO4Y
1568,DuTositeLalcqz
1569,G2tJBEiE
1570,HnyYQ0tuaXjlV
1571,jnDRVIYcqf7
1572,TK
1573,o30k2vDqPES
1574,tFAPL0rIMdSUY
1575,tZypl0U84VBAA6U
1576,CT
1577,k95L
1578,hnhh8lhB
1579,W9uZduB53
1580,QE
1581,l
1582,SeXTmZ9yR
1583,TgLqdNdkG
1584,ZhG5
1585,cUrMrZZm
1586,yeAyYvcIb2
1587,80Evi42S
1588,daATY9X51tn
1589,e4QI30P6
1590,xh16zQ35
1591,sKSX
1592,buMnB3wBvdHkJga
1593,2tuh
1594,ZoCt
1595,oYWfLchTI
1596,aOYhcT9vbzRC
1597,fAbBl9TsnY
1598,ZvwjW9v1J2wWD
1599,nnmktc4N0dNO7j
1600,HuIuty1wYZyS
1601,gWGGS5QnuV
1602,3
1603,r
1604,f0Hju3c
1605,NEFciVFGFeBT
1606,I9vFx11dfyC6
1607,dTo
1608,KAe9
1609,AU439B6WSgCz
1610,cyFg
1611,b9eeMeRa6e
1612,ZlL
1613,8je9aobiXGhA
1614,3kYQWk1eq1colb
1615,urAgu64
1616,FMgvwOOwxR
1617,S
1618,kBb5pXr4N
1619,PgzmCvfQi3gez
1620,If
1621,wxxTq
1622,gs1eim14vJeb
1623,m7iniqk0dnU5x
1624,jXpswK1sO8
1625,AMTZjNT6q34KH5
1626,bci
1627,mNauD8dUH8
1628,7Z4oLYZt8ukY
1629,0AwXt7
1630,5TteeKJqjay
1631,wQsMDVgr
1632,cMeDU
1633,1Q7Aivs7KQ4
1634,lL0
1635,gPn
1636,3ju7
1637,4aFsTFQM
1638,WEuvb
1639,aNV4Vr9tp
1640,xfLh9
1641,JU
1642,lknE9JLhXN
1643,0hixN
1644,DHJTF2Ze
1645,L5vmjcJ
1646,YieECUAYtza
1647,S8lJqhKPC73I
1648,bzv
1649,jBKlDIFFc9
1650,beJWLSun51
1651,8XdrRIlNNlP8zBz
1652,PKyQmZcVpjgD
1653,IAexb7Dm7
1654,H0dKNxePwp6
1655,vTYqsamC
1656,EQ4c9cgmHTiyk7
1657,UTIsGF0tXkl
1658,EI5Ys
1659,01rytSdqTHh
1660,1F1xNC
1661,ayYevYCdb
1662,N
1663,7DfoUwlQXvx
1664,Q
1665,3PvbFG
1666,fm3
1667,WJ
1668,SvCtEUBQe6QX
1669,ccRpM7pZv
1670,1jD
1671,KW
1672,ZXnPXAbU5GBM866
1673,7YC
1674,BeiJEdo
1675,mSA
1676,4CKuTW
1677,PQigMiJR
1678,wU7NpmLls
1679,Jvh4somgo
1680,hh
1681,6iBt3B9cJ1
1682,3OjV3
1683,v
1684,EXiuA
1685,tbb0scd38
1686,wvZKMhltg5I1
1687,xR
1688,2Oyc7hUpzfk
1689,gcAH030Cq3U
1690,4sXu8
1691,iFlQBRLy
1692,IKsMM7Ms0
1693,ZwWFQUEjEmQBZ
1694,5lpFNPzGgdjo
1695,q
1696,WSAe
1697,nI47N7M
1698,JB
1699,KUU
1700,zPfcKhwlHJ
1701,DzZzZXG2IcxX
1702,8ZR3wV6hQ
1703,u
1704,fLr5
1705,kp
1706,hTN1YvB
1707,B0Zlne2czThwZU
1708,2kuKlmCiriS7
1709,whz
1710,Tzkk
1711,A5vRVqTmc2Cwfi
1712,sugGQqqLnaNW
1713,GeP
1714,kR
1715,Iu
1716,RZMJxHEHGzCTTe
1717,iCvec7
1718,JHbPhBI2
1719,CzDMSw4i8iF6iz8
1720,q
1721,vmMn4la
1722,PXuo3u8CEeb
1723,2
1724,ImjEC9i6Ub2Z1zR
1725,spMElLh5u
1726,vrLRqS7ZsbNxQs
1727,fQ3cGyIHGZ2nN
1728,9VRXuqScQ
1729,jOvY8Un36
1730,C
1731,Pcf
1732,IzqSwmxyz0fxPb
1733,P6rkDOgw25XtLA1
1734,ermLZftv5vf
1735,vNc
1736,f543q
1737,8bp
1738,uKru6tN8md
1739,fk4dNx
1740,7GLH
1741,i6Ek
1742,QlPBksIRajKM
1743,WvG9U
1744,nU9l
1745,pcoyQiRgthtq
1746,S7urG1i
1747,Ol
1748,Mf2C
1749,N
1750,40ZTF7atjgPrH73
1751,GHvF
1752,7n9Wzf
1753,y60u
1754,k5J8TN3v2t
1755,b3e0uRBSiiH
1756,o
1757,ELJmsWpMLb1E8qA
1758,P4
1759,wqYWey
1760,fbe0
1761,Giglmwdo
1762,gpsS
1763,6pXkHYSxeqlk
1764,m4Pj15Gz2XOovc
1765,DR3olrZCkRy
1766,PC4ho
1767,mHrgdQgd1
1768,hB
1769,t2ZntSHOcUil4
1770,FmFeCHAlUTcUL
1771,596c
1772,cc8HQGhu9F5
1773,85s0e1mH
1774,sO5DJ9AJxMvSgy
1775,FlagWYI
1776,DhUKKu
1777,3kMRBT
1778,YozsKJJuNQACT
1779,cIQiGSj3Enjf
1780,DVyJao
1781,OnA4n
1782,fCTZsf
1783,1N3ps
1784,TDp7kWV
1785,LlXb8nxVY
1786,KEqhlGkty3tGK
1787,6Jp
1788,T8Wur
1789,80KtTGQWHAGYxt1
1790,MM
1791,F3SSllNSqogmM
1792,6FZTLm0ND8
1793,VwFSoP
1794,77uyNNAu
1795,WpYfx0VIKXTx1
1796,f2
1797,mPVUEDvfnUF64
1798,kO3vFzu
1799,iWCsfdBH0
1800,D0DEcar0
1801,A1fhAQ8c
1802,NfX
1803,PSwMAh9CPNTD
1804,l5
1805,AYCM
1806,MFeQyqT9DDoan
1807,FU1W
1808,7
1809,r4zQXBxbbyJo
1810,azqx
1811,g
1812,YSikccm
1813,INLuoA
1814,ykggCtTnJW
1815,7
1816,VK4U
1817,Alzg6iW1uBDXCgV
1818,ZxmwRQEjJkO
1819,SR
1820,ZWW
1821,x7ShgbwTLrycQ
1822,MrU9Pu3C
1823,6jI
1824,SAE3ZOiMt
1825,IAZVw
1826,Pq
1827,07fUD0
1828,J2
1829,6wDUZyUWQkLH3ss
1830,XaEtKAyUPi1h8o
1831,39esclmiq
1832,HpA9VFQak9bjqaG
1833,zplbA5CzJ
1834,GK3
1835,h0SIAN
1836,ewdsmQ5WK0k
1837,nfLxZVX4JqYMkZ
1838,lzQhvt1kwQ
1839,O7dL2UYmV
1840,sLLlM0e1uIg2Gd
1841,mlnr
1842,K
1843,LlxkQ3c
1844,Q9Y5Suyr
1845,WvmMMKF
1846,SPL7GMy
1847,aRjVf
1848,fYT0SUm62pH5Y
1849,nlqSI2xHc
1850,hc
1851,DJZ2gbKJ3DEt
1852,V63
1853,GKzk04
1854,FZ
1855,xp70HUryxg
1856,kOFsFmzzx
1857,SxjxWJRhhpv
1858,NBIH9eBVJ
1859,3ErRf8
1860,JGbCuecu8FN
1861,fDgu4nKb
1862,Ur4
1863,p5fn
1864,DZrlVqyMFlF
1865,xQn4aYjj
1866,qmNp
1867,j4KRdFEb6
1868,wUxSXe9rFwcFnMr
1869,Ft4dVsjtF71
1870,aY1iA
1871,lpOc
1872,6cV6S5h
1873,DFx1x0tAeUHJ
1874,MwwAk0wh2V
1875,WZu
1876,5CHawrh
1877,JMLg9bfOfMp
1878,Hotu
1879,wUrQR26c
1880,MofCI
1881,0NlD
1882,MTaWP6Bp
1883,zhKR
1884,Iiubtg
1885,aUoRssO3bH
1886,8T9HmgTVg6op9yq
1887,3EdL
1888,np8AYPkmgVyz
1889,zsgju0jQMGOx
1890,BMs0p
1891,i7hfx02v8mfwo3
1892,hb
1893,E
1894,QjfNhE2
1895,RcAL3MuWjL
1896,nc42
1897,aXpXUtRDFBWJKng
1898,2ZrsYVL9eadRW
1899,5hNOfVix1lUuO
1900,aPcoAGBOSg
1901,lfWv
1902,RZaKjW3qkV
1903,pafW7VXre3E
1904,mV05d9do
1905,Be
1906,NUVFfAJbXL
1907,QjQ8zqNLudwOAuF
1908,Dv4vV3w
1909,inP1
1910,UNDEwj2H3XJuv
1911,Vu
1912,Xipuwg4rVEzB
1913,JBvv43v
1914,qUuE5
1915,UjEe9
1916,uNh1mpv6LE
1917,e
1918,A1o
1919,hvphzGxkJu87t9
1920,S
1921,w
1922,TAX9yPaaME4
1923,XYWzOEb
1924,2pcV3rcQhjG
1925,4XcZDrq5F
1926,1qp
1927,xE
1928,v
1929,2LVbtvty
1930,oOB2840wv
1931,2n87EJq3gQxg
1932,55SqQozrR6
1933,LDJDqqQp
1934,snMJPmJCGA9UG
1935,lcDb4P
1936,X2KtA
1937,f
1938,YPzdg
1939,isU
1940,mmkXENr6NB
1941,U3t
1942,0
1943,JnS9W4
1944,nU9eGPgl
1945,RqTbiUMUkkjX
1946,Aii9R
1947,GQMQGS3FLCu3
1948,WExzkF8EuLYL
1949,7ibnuN5eH
1950,xJhp
1951,CsCEm
1952,kd
1953,8Cgyr3Ko4lUPIf
1954,cGx
1955,cmYp
1956,hBo6jUHo
1957,quYk0NIJxYU
1958,aeuvmaLQgLWZm
1959,SakJ94BD
1960,avm
1961,8VpQq5V4cc
1962,FiphOnGvLQaXQ
1963,yl0fzUZh
1964,vHkJ9F
1965,yQQMhGLO
1966,7U3po0pKIxN
1967,0A
1968,qou3cVx8
1969,pCFw0KzPEG
1970,cc
1971,zIUsW0iWyAC1K
1972,qMSqATuLIKrW
1973,OSPMigWm7n3h
1974,04TS3xvZRqi5eJ6
1975,vmuf4
1976,yERtAva
1977,FQU
1978,1ZbT8uNu
1979,8si
1980,eMvIBBe3pEnW
1981,jFSS
1982,JKcCnuZ
1983,XZR
1984,auLv9SUuHDGw74
1985,B8sC
1986,n7j27Sx37lPNQe
1987,DMtxSqVj7kl8Im
1988,xb3mSoDyy
1989,UatD8XE4Ktk
1990,a2ec
1991,7EQKsB
1992,QQ0wYW3qq
1993,apTUGBx1JNBQbpT
1994,L
1995,u
1996,Ri2cs84Xe64
1997,QCz2IW3xVRnXp
1998,Fk1OjsHevpV1ZW
1999,kobBBRngQgot
2000,6s60
2001,lkgUAbiMMV
2002,B5Y8E2poH
2003,9B9Mqc32yMIic
2004,T4xwWKi
2005,v
2006,S
2007,p
2008,eae7b
2009,Iakcd
2010,zLRz83LVj8Kj3
2011,spU
2012,R
2013,y3qU
2014,C0PGvtPopEhOdP
2015,zv95bKkwVtxKap
2016,ye0m6hn
2017,eZn790j1oKaGgu
2018,7LIqUYTii2U9
2019,4rSAyCQao1J
2020,f5ft6o9aa
2021,fy03Y
2022,Vr
2023,WCAbhGeGn0zzhZ
2024,K1DGxClbSjO8D
2025,K8JFd3v
2026,G
2027,93PRXD
2028,C5C2z9Dt
2029,w
2030,zkUi
2031,gUwyuBUxR
2032,kCDYk
2033,1OSICRu0CUAW
2034,bXph5dkFluwmjf
2035,X8bymltkIXS
2036,vPc
2037,6UzAzW022z
2038,FFNJTnQQl3vaLA
2039,DzYYR1tRHXN
2040,AGbuFBrbHCA
2041,sYCUN30CB5hLif
2042,S
2043,3rTOoHiIUWBSrc4
2044,7E
2045,h33
2046,ZWfDwwb4Zd9qNg
2047,jWY
2048,x5b8xj0
2049,edBGG2oYiEYjrKO
2050,xjynBk
2051,o
2052,xS
2053,rgRRC
2054,6JFvyS0WwpNE
2055,Ue
2056,RMuEMcq0PN
2057,k
2058,wlTJGQqhge8Z
2059,JZfH1o6DzrTZp9
2060,h
2061,Go7Nav4NNWxD
2062,BOkSl3hogLj3Ra
2063,kJ
2064,zRIVTph5Zp
2065,Qlh
2066,dguITKq
2067,v16YA346yN
2068,kJHSaHgMED
2069,uuMZ
2070,1Jq
2071,dDbwxIlgUUFa
2072,K4gS
2073,WK
2074,HyqRVK0
2075,N
2076,2DewbkJT4Zhz
2077,EEeC6uYSFk6a
2078,ngl04gs8b35
2079,e6U9zp
2080,Slva5yg
2081,oAeNJmCdYuEkc
2082,hovyVi
2083,xCkdSbufwt9kT
2084,bc6m
2085,FT4fJW20Vr
2086,Z1yVWXV
2087,qO8
2088,LpH0ull6b
2089,Bt6SHewOOUfkTv
2090,4a
2091,F
2092,Fy8uD6iSEO1P
2093,Em
2094,CS
2095,Lw22lPIkqcjOWtI
2096,BR93pzFAZWjN2m
2097,dhUi6t
2098,PIjiIyG
2099,On
2100,P
2101,ZzQWszYcd0
2102,2bjoxU
2103,zMPrY5Z
2104,HfqL2EUtjwt
2105,XV8hj8mx8
2106,fg8Ya26eRX6dJkt
2107,7DdwfRyQRB90S
2108,WG1
2109,OangXkdQNsK49
2110,pu4vMtHjDs
2111,0ji15
2112,9S
2113,1ATmd6
2114,b4nGscwa0e
2115,DKdi
2116,TelrQwTSp5m3
2117,YAR6
2118,6j
2119,PiJqH7CP
2120,LNFDVBZ
2121,mN
2122,WgDIvjpia1Gs
2123,bCcQu
2124,bCtwnKjAPe
2125,toX
2126,t
2127,8lkW6fqj
2128,ALdnfKIdYNDuVy
2129,freISXU9u4
2130,4ddf
2131,9Fgrdy
2132,5a5IBsQsVXMAD5
2133,aG0KT
2134,JxcKoEX
2135,7yxRP4d9
2136,kMmNKf5xYz8W6pJ
2137,0kC4mF2
2138,LsZY63c3Df94pH
2139,T7Z
2140,O5HIa0G8379kl4
2141,cCu4599VLQLY
2142,uKFw
2143,wdsNm8HHrB6c7gS
2144,vQqWxr2V
2145,DzUYaXSkGNR
2146,x
2147,bQ2IFQ
2148,b2SAbI5Wb
2149,PMa7i5XI4wsfn
2150,S0ZZ
2151,1N84j3FccLE
2152,UTdp4Mw
2153,nqy2
2154,IiHKDyQ8H2n9YFO
2155,t
2156,ltfomlQMwM
2157,gMfVtxmfv
2158,6j4m9vk2D5S
2159,g7TniTorT6mA
2160,B
2161,D60aWgp1IU15VEp
2162,ZpgM
2163,7QKxoLcMy3AOS
2164,0
2165,JMwb69
2166,qs7rW9i3Q2ufs
2167,NR217gB7Za
2168,y
2169,PjvuUxBTMOvOebo
2170,wbZS
2171,FopGWbXRD
2172,g8IQCN0qG5g
2173,JLpqjBb
2174,6xVYUrd
2175,dLqccE
2176,oE4
2177,tIQNjiv
2178,F7auf
2179,akEfqnlhARR
2180,w
2181,rbtIcW
2182,F
2183,Sv0kwBG
2184,El
2185,RXKK3XXUiiCGFhY
2186,susGLpd
2187,3fkxJOfYe
2188,R8YvWYyps7Ixtwq
2189,eHs7rl7MErR
2190,DKF
2191,DJ30Igc0SNJ0O
2192,GdAzQ1TxpsiAZ
2193,Bhj8z0
2194,O6jOmw8
2195,Cd2YSH14Pez
2196,DE8v
2197,yzsV
2198,ZEdEbiGzL7tcJ
2199,FXa
2200,sT2cOARSaxaMglA
2201,mhFM
2202,it39r5I4CDe9yX8
2203,PmDi7
2204,S7eZyVGAV
2205,jWtsRl7r
2206,xSVBdWgE4RZn
2207,kcM
2208,8Pg3EVd77
2209,0EpwTjUd5zTx
2210,NhbDxIVaujQVyf
2211,uD9
2212,DXeSsAi
2213,fXwgCpbtM
2214,Znsu1VWyRPeKsz7
2215,pZZ63sdoKMo2xH
2216,hedhttOIqgSjY2
2217,aX
2218,Hg3c
2219,Cenqj079cnn
2220,R7ZtbE19R3qajca
2221,GGDKc
2222,a5XTF7kUCYfz
2223,PQVk3qIokBi2E
2224,b
2225,g90U1cY
2226,tGGsX6j8
2227,EBmhSPS
2228,xo5fDx1oYA
2229,a36YvPz6b5AiBXc
2230,b
2231,9Pxc6VIRfh86meS
2232,p
2233,iASo91Jirjt25
2234,yjENeyEfLh
2235,s
2236,C
2237,bRAn
2238,H1nJD
2239,Dr
2240,mj
2241,linr2n4M6
2242,95z3
2243,xJUtnVCu21uSQD
2244,GN
2245,jbnEshwj8CK
2246,fMxrAnKyInXP
2247,T2YwAx
2248,Z1iyF6HDrEb
2249,nhYpqQvrEgkuo
2250,qK
2251,1nZwysVgTMvT4
2252,dJWXD5A3Dvn
2253,UVvQ5
2254,R8iwd0ToKb79Xt
2255,d
2256,0sRORPBYebsfa
2257,f2SS
2258,M9Quw4
2259,29dDwxG0Pm
2260,6qpSMJdtxFlBUgW
2261,s
2262,6OJgsz
2263,d
2264,nRb1MQm1ri
2265,oh6O9KhVb
2266,YtthHYiiN
2267,Tkm8v2kW3LbexL
2268,hyh7R7FZMP1
2269,NwwxvIPg
2270,vMN2A8Z
2271,ArKck
2272,4UMIL
2273,wLzzVlHhlC
2274,ClNo0sffRLHt0Ey
2275,ONvOt3o
2276,J
2277,odwDKGr1p8DC
2278,5SbikPtqZT7f
2279,R2iO
2280,obPrOV2L1nH1SH
2281,CalZyecxodHa
2282,Oxq8P9zK6o
2283,29yOSot9whp1HXE
2284,HRUUBA
2285,F8k
2286,5QIU4h
2287,Ea096X24WrCPmQy
2288,tIG5
2289,v
2290,8vtffMBLxt
2291,pGJGLdDY
2292,IwCeVc
2293,C0E2ALBxbSr4KYd
2294,ivJUETC1
2295,BH
2296,AfbfF
2297,fTXwpfWTmH
2298,Ho78
2299,gRnXo6HMnBM
2300,CDDyjkc
2301,DM9lh4IpBl
2302,Et
2303,rc
2304,1z76Vi96B3g
2305,x4J59np1U
2306,oQWY
2307,kNRafow0rPh3Z
2308,MXwRWELO
2309,aLMTNNmdF
2310,dkfQdq8z
2311,I5
2312,JvL5k
2313,E0gWCbxOnuC
2314,Sfq
2315,aPlXHP6JvJO2
2316,wb
2317,Ix0PhjZs7D
2318,xs34
2319,TzAgUa
2320,i5G4AHXyiZoZwuL
2321,Nb
2322,Cs
2323,q
2324,MM3Dzd92l
2325,0N
2326,Bi5v4TmAFn7MBD
2327,8hihZ7I12jYR
2328,e2MSfE
2329,fugLBan
2330,8ICv2YL
2331,Ok
2332,KNL
2333,dFRtvhRS04V8
2334,qbnQqOMS7Mtl
2335,LsYenVdjBSHuv1p
2336,YND5I91IJQR
2337,FtGIEAZgyrA
2338,l
2339,zsb
2340,O0w9
2341,DQQjGxkomB
2342,OKBxQO8mY3Wy
2343,G58ydRuvnNftsh
2344,KOUx
2345,K87
2346,5n24gSz
2347,MN4VAZFaPhg9
2348,Q
2349,W
2350,qku
2351,K
2352,8Bl
2353,E9QBKr71qJP
2354,jNJ
2355,LS1kQY
2356,hQkKkU7m
2357,JO1giQn7aEwqMv1
2358,EsWy
2359,8Ny0A22Gt
2360,1RfEe5D
2361,wCZPIH0VF1gOYV
2362,Kt3p
2363,9Mpb
2364,Ivnk
2365,Y
2366,yH816kp4s
2367,2jtnqzkWOyOY
2368,uEq9L1u
2369,SAeWp
2370,W2Hxg
2371,vWfijiHnNAcomGO
2372,chY9i
2373,hKDl87ZhE
2374,PtA
2375,hHtFAVYe
2376,OAw60kSWh
2377,GccBGvY17Z
2378,DlacsafQn
2379,rsjFAzMv
2380,eyKVAxnqPU7hb
2381,g
2382,grYEp9P
2383,oXA
2384,17ALeqR6q6D
2385,P7eqMFhYOm
2386,3ABu3OJhzMxpLY
2387,Rx3Y7EQyrMwP
2388,jXv8rpwjs57SlZd
2389,rIC4HekFm
2390,Y
2391,U5hI
2392,jPe32dlD
2393,zvOf
2394,Me2vekQ
2395,HeaXeZka
2396,VFLhjY
2397,Rcr4e1mjrgb
2398,qj
2399,5gi4nrdgt
2400,WQBglQ
2401,7CyW3jXpsIIq1tT
2402,mW8
2403,wX6fnNH2jRa
2404,KsBh
2405,T0Qx
2406,1vHqOIQsacRiJ
2407,tIosKN5C2G0Avil
2408,OtYzlqfe0Gw6cTL
2409,PmSAk4OmRlsZZu
2410,6fqeKbpMj5
2411,7Urio1DIabfPv
2412,Fk
2413,9i3AGRv4zByTvWL
2414,j2mv6
2415,i3H2cZmpA1Db
2416,lr6a
2417,DzaEvzcNc546p
2418,UgG
2419,sSSTDgaJ4
2420,FdF2
2421,waY22
2422,pYETfiN
2423,iCL3a
2424,TOn
2425,U4
2426,9dIeCQyDUEgz
2427,U673ejmJVt
2428,NiL2bhIYV4
2429,LVH9mY
2430,LhlAWi
2431,EG
2432,PXj7wlwX
2433,w2w3cGLPkdOMuI
2434,AV
2435,MCnylYiW9Oul
2436,YF9RaIa
2437,O
2438,BaKr2L5dJgxGpf
2439,qx5tTdZFt7cVA2
2440,B8QX0kxzKzj
2441,nSDkQSVDCSbgsn
2442,7A2C
2443,yFNk7Z4f3
2444,nxCXFYpLjNlJmBZ
2445,ON0T6Uq
2446,WQ
2447,ivzCmy3
2448,kp9MkrL9sxP
2449,hneJREdcHjY
2450,Jl2l8gxK
2451,BLA
2452,S
2453,hzHna
2454,g
2455,B2rAB
2456,GfvJWLXHyk5J
2457,qE9XGdvLh
2458,dZrZPs2OMRc9
2459,nnpFI8JjWG
2460,S
2461,5fYs
2462,u
2463,e4WNn76bq
2464,22
2465,AxWNEg
2466,UsbZpNbmZWffo3
2467,GkLGPgu9IM
2468,uU0u6
2469,uJs6DKsaMTC
2470,T
2471,SMn5kuP8DXpeWA
2472,QCP5pvKwJ0WWs
2473,4HIh
2474,DRlBt5
2475,I3e
2476,P0iJVEmE2EYJV7
2477,o5Bae6iiweM97
2478,Dn7
2479,4Y
2480,HV60Dh5
2481,d
2482,L
2483,w3o9
2484,T8YRVcCVSGQHuM
2485,jRL
2486,eV8VPkgR
2487,m3nsxAGWzB
2488,DHhST5V36UH52Z
2489,PdhgKA
2490,rbIJnnUFUim
2491,7gdS
2492,q9kDeHezEIF
2493,bRqG
2494,lW
2495,k2N3Hj1lXf
2496,jc5dQWIjHiPL
2497,0xb
2498,p2JLcQ0Qe08Xl
2499,AbOiF
2500,Wwh
2501,NLO
2502,XAZrjK2AMYGa8S
2503,lSo3w5NrnT
2504,LC0zzkGNl8q3ZCe
2505,QrTJvGfb5
2506,1UA7AxKph
2507,P2eNdT4kg4k4Jv
2508,3dnIF64jwOZa
2509,7nWy65ziG3O
2510,shIfwX6PfgE2k8P
2511,3vwXbrCAc
2512,nS3cga
2513,NlSZnRPgDzhmH
2514,LwbZpz
2515,LvO
2516,8beFxdcTCfaS94
2517,TalyUP5e3R
2518,t
2519,wo2bCj06s3Hzks6
2520,H
2521,LRCorh
2522,2E3lQ2o2bxP
2523,zZGtTB0bEbISi
2524,tSY7dI9
2525,sSOLRGbo
2526,yjiB
2527,FiN1BMrL2Vg
2528,AAfqSE7X4D
2529,R
2530,diw
2531,4plQKIYAHapEDC
2532,Mo5
2533,ehu
2534,sX
2535,7ag
2536,Ij
2537,iMQK2cqT5nEAzD
2538,GmrUyInEI2QD3bG
2539,udZ
2540,9cpCqHT1
2541,lwkzAkARse8mGf
2542,R2g
2543,A01gGdKvc3X4
2544,scAWXPp5hOh
2545,O
2546,Bs1qTFMsVDP
2547,wblr
2548,qNOhCJ7l0tStT
2549,KA3SeGeooSrrX
2550,3upm6flf98o
2551,RbUq4QkJ2pP1v
2552,1miNpS0Ojr
2553,E9hvsbtvx
2554,EmoE0jp
2555,ZCDcydGWYi5YlR
2556,pD832rkeo
2557,w0wXyqmnaUj
2558,7NtV
2559,4rVldI43
2560,bVzZLE
2561,PvQ6AZ
2562,Kv5
2563,W5S
2564,JdFbpU
2565,MmMTbjN
2566,BDO
2567,wh8HRbc
2568,vrpbWZ
2569,Mhu3hYg
2570,DoUKxbS86
2571,G0Ddx
2572,t
2573,NLu
2574,8ceYo8bDq
2575,qSu2b1mB3
2576,EzSE9d
2577,PO
2578,qBwgWRJ
2579,s6
2580,b9
2581,CMtq1REQERhjypA
2582,rCJSTdw
2583,Q
2584,BXPxfwCZIe7
2585,Kq3coNvm0tICRSv
2586,1mw4
2587,JabvN
2588,3B0sR1ecVD
2589,6bNX
2590,Svd
2591,C
2592,XE9dup7XATgTgxI
2593,ynOrnN
2594,vOf8l0vO
2595,PsvTLZUULg0D
2596,2kGyqfvs
2597,9QnpsmNNVCXyh
2598,cUVsvG
2599,tXg
2600,TZdsJ1hELnoaz3
2601,u
2602,3kxAx1Q
2603,Ry7
2604,MFc10izO2
2605,p
2606,U
2607,j7cAhJOKW
2608,uv3QWL
2609,0zFdnbAz
2610,th7TXmFh
2611,cdsAlAFI86
2612,FqcgjaAhz
2613,Kdw0XlNewjpn
2614,bphwC
2615,RHE
2616,uTRS9CEpH
2617,H4a1iIwLY25od
2618,sYzPtsl5sy5a
2619,Pauf
2620,OA7N6Vf32tLQWRM
2621,ust8y33D
2622,zczboAdqT
2623,ueb8bDt
2624,2DmA55
2625,MR7TxCR
2626,pRMnN8SQSX
2627,ueTQxBAkr8T
2628,Qts9bxBxa1
2629,srDPdewDMCU7sdI
2630,GmG
2631,6jQS4VKlEI
2632,F2F0QlX50i
2633,Rnv8y0G
2634,W1DTW
2635,oHopR6sw1Xrs8
2636,QdAUkzO
2637,MS
2638,uvAPvOsuHY2
2639,W
2640,YFEVXs
2641,J9HTYdJ7i
2642,ZC
2643,keARqCeHNc5
2644,ZkhM
2645,s
2646,LjyJGf2
2647,wWXHcpNjnBCxcY
2648,LwPVjre
2649,kws2qpCYFGSVz
2650,zpv
2651,4X6Ioro
2652,h
2653,7pn
2654,jH641D1BPpubpy
2655,KO4
2656,EHbTM3xe83X
2657,ehEsSaB70fvkoQV
2658,0Q9Kn8LH
2659,lmLmf8d
2660,IvjOm
2661,4GSXAcAX
2662,UPfNM3HLE
2663,WxE3
2664,Rw
2665,fx2jrdgr
2666,EEMTJHd
2667,Kf4s
2668,XOdLLDF2uFQV
2669,6PWCOQ
2670,9
2671,A39w3t
2672,ul
2673,eg3DflFyp
2674,fSo4
2675,bor1T4Sh7NHc
2676,Gml
2677,vlVdUJqF
2678,yHGrWOGfjVx1u
2679,a3
2680,cUKMBNKl
2681,khdeO6O54C8tnF
2682,ZBcVRg
2683,VGM
2684,vBp5f4E2wcFvxfs
2685,i9NjpwAc0y
2686,S1q2T
2687,wDX2
2688,5PjCu9qO
2689,9eub5E1QC1
2690,XRIVuXwYyyDi
2691,EdcCpJo2tTTNDUJ
2692,4L1zkZa1iBmUhy
2693,5mQm
2694,0vCirALtZmje
2695,QQoNW5YzPt
2696,B
2697,Bgb8
2698,fmMlR
2699,HsAG6pBmVQrYmA
2700,b
2701,hqbLnMxmjR
2702,nxC89
2703,9QWIIfpswB1a
2704,DagADCZMvdla9S
2705,4ZqARjptH
2706,4FKe56Fp2E3
2707,Eym8A
2708,hqN6
2709,WvTcc5mNbK
2710,GF
2711,IMHfyaIqQSZKIEM
2712,RSGc7P
2713,qTgwIh2EpP
2714,TEW8d0vj
2715,Ys4
2716,iwh8L
2717,whNwpbufX
2718,TCWT8MGvZDv7
2719,p0755fpZ
2720,i0rDOegNN
2721,FyN
2722,N1eCRJy
2723,Wny
2724,SSU8tZMtsnRCKCZ
2725,0p
2726,rM2N07s4
2727,SYHtFy7scPdeLjk
2728,0
2729,nXyMU2q1R8
2730,GW
2731,7y5
2732,tiU3d1dgSIuY
2733,k
2734,WFUZR
2735,WyKBr5E2pPsJjj
2736,RANNNjArhmo
2737,JMvDwyLca
2738,tnm9Iy
2739,uV
2740,v7ixiouH4886z
2741,wO2joQ7IehjA
2742,7KVRwd
2743,Uk2
2744,3kjWlxRb8kUR
2745,ULUl
2746,2vSkAqki
2747,yTkpT84i36WmB
2748,kf
2749,Gl5
2750,3dR
2751,lT96
2752,DegR6
2753,CintcIBxp
2754,rlLMOUMj5q
2755,LI6KM9UTXaude
2756,PcDvJJlo
2757,JhD3I29sOsLM
2758,h3okiFR
2759,BLoVFYLbd7jnbL6
2760,ixVQgVs67T
2761,bQcGKl
2762,ovQCI8d7wrpE
2763,Mu4R
2764,T0m
2765,bPRBbU1gjRc44c
2766,c69vWNPS
2767,v3
2768,jOMKTGabl
2769,UOOmgEJ
2770,9mO
2771,U1Pvd
2772,d
2773,K7siHI3dG
2774,cial7Cc
2775,bh681
2776,eCNGsEBHkrZqsPI
2777,naYld2mvFVCY1wz
2778,OaQpWfzcfzupx1
2779,VEw046
2780,yXPjXA
2781,gmWkW6LVXHR
2782,l6jFDb
2783,ohFmyv
2784,q
2785,y82HhmI4jJRPj
2786,dEHZ2sdt2nPwsVE
2787,kCBNbP
2788,KM
2789,wR3CY2ISfbmv6z
2790,klGI
2791,BjoEtGfq70P1qjm
2792,SFrNckee
2793,ulsZWeg9
2794,bcIMNL2I
2795,WrYg
2796,7XL
2797,SMI5s
2798,8g
2799,57Gy
2800,YqL
2801,p15Wn4Bq1
2802,JxqTsM
2803,p
2804,iyHg0Pxxk3
2805,Q489l322RMXzVM
2806,OqGrgXO
2807,JZqm9vx2lXpkam
2808,jxsH
2809,2tKE
2810,SyLdi7Tf1vpnwo7
2811,PVJ
2812,ke
2813,bimnmU8hUMWNa0W
2814,2wsryRizfW7f0
2815,FAZ79
2816,yvoBf6eE2TK7VIM
2817,8Ij
2818,XpZO6o
2819,KQyD6
2820,C98C5MF
2821,eVd3VwShTAbZ
2822,fmIK
2823,iaXjon4oui
2824,zQlz
2825,BW
2826,rD2aS1ye3RrK
2827,gQKDUP4
2828,6AisMdkIo
2829,YD3CEa
2830,aDkvZ7cifT3JnI4
2831,pXXHE7f
2832,syLD1U520KEO
2833,bHwO93kr
2834,uWHEYCEmtdUqeO
2835,IyoEiMAhy
2836,4eWQu
2837,iXs9Qbtg7TH8k
2838,PjAUw1
2839,DMVTCmRtkbvo
2840,hBQTuT0Q7ZQvA
2841,ALa
2842,R0CM40fUlbfG
2843,IJJnJnn
2844,oPR1VbaJCtX7TOY
2845,uv8fNz
2846,BzNf4WZAtXN
2847,tun9
2848,rXuaKUYSuQ
2849,36De7zr
2850,fhjewXQ
2851,W4ecqx1Bo9MdNRX
2852,16vSmx
2853,GLa
2854,5419GVoB
2855,Qj9cFQ9Ax8OE
2856,a4LeXQvrIpzPw5
2857,buQi
2858,O9hGQStz4
2859,elPiB6VS
2860,5Sf
2861,l
2862,hLFo
2863,vdg3T5afV1WGOP
2864,gKt3Cz7sxVS5Zkq
2865,RBgZY
2866,K1KvzIoiVnaqq
2867,nDfQ2TkoOpDVrhW
2868,0953Eba7o1rXvFU
2869,U
2870,p70wGhjCh2Ezj
2871,ztNr5ECln0Al7G
2872,TkhbYHX
2873,DzrHPds8
2874,QTOIZg
2875,S9Nw6yYc0N
2876,qt2JW4
2877,tcON
2878,v
2879,TOrK
2880,Bu15xQ
2881,Qtibo
2882,DWnlSdK3mZyZnV
2883,nNH8TgnvS7gm
2884,hc
2885,87HU67HKyRi
2886,HqaAdNiO29198A
2887,ukqbO9gdZ70
2888,exyhx
2889,Lbs
2890,Ci3WcEEXm
2891,p3Oo8kKbdI9
2892,lYd2
2893,ghlhSwiqk6
2894,I
2895,pc7pzmjH0SGQyvM
2896,5QiRzolklt
2897,AQ5lgjLo
2898,k9l0
2899,Bdpu3sV
2900,tV6AY2qeCAgata5
2901,S04PuFCm5
2902,EAHJ
2903,9FViZAk
2904,5AJBfuyILqacs
2905,ec07l
2906,wjw
2907,xAS5
2908,kbJlc867KYx7j
2909,iVbuuU3mleWQ
2910,OPEZ4XvddPxRP
2911,sCUer9
2912,As6S4k
2913,z24P1gn87GGj7P
2914,3UW94Cg
2915,Jd
2916,33IKl2kl
2917,LFYCMhiqR
2918,HqTb2
2919,EYw8w0i
2920,HFHJn154lweLh
2921,A8yHGW3Wb
2922,U47h9IUuGZEr46J
2923,SGaursA
2924,XsqnvwIj1gA
2925,t
2926,NfdkNa
2927,BrtyvByY4UN3yFR
2928,4I61P
2929,WX
2930,wyE
2931,RpKrMMNOuDOeL
2932,nieAJzsA3pt
2933,DrEQVxoWVRaisq
2934,ZSZrYTmEBzxXpb
2935,GPNWT5NP4Mq7
2936,Abf
2937,EaMf
2938,m7zE9zSjJ00YD8
2939,SLsVlpZoTe
2940,LWw32pKNv
2941,InSJrEiix
2942,4k0LIvaqJq9TGpG
2943,J2LVcXpi1
2944,nUFc
2945,V0nQLPBwbc
2946,SDn9tfkdvsa
2947,xhw6M2mODy
2948,GclYmWuF
2949,e
2950,0SVbc6tju
2951,Vy
2952,8IxyLdusE6AO
2953,sdJNRrZ0g7gbWD
2954,MVAEnv8AbMOE
2955,OjzHZYIl
2956,ac
2957,I
2958,mbW18f4dt
2959,HHpR1O
2960,B
2961,nAvMnaXWCwHwAc
2962,cG6
2963,avEgfx
2964,a
2965,60qpyEIk0LcnbT3
2966,b7NRIzwRYU
2967,utsZ4
2968,1dcU
2969,HmTIwQyYyqtKN
2970,kGvwWC7fNxuZE
2971,AP5qiNgf4h5y
2972,NWMEr39RxK
2973,LLA5YWP
2974,7MUGWineaO
2975,FKENj15dWxo56Y
2976,z4
2977,4nu
2978,Pl3gsqDz5
2979,3Tcjgqdv1
2980,3w5r5X4B
2981,JtLG
2982,94z9tqVO
2983,R2g46
2984,BPA5h6yqn0u55A
2985,Pc0D8Rok
2986,fHhJBg
2987,1LLIX
2988,0jhhWkHsDimvN
2989,y
2990,lqqIQu72
2991,VE3CV
2992,OfzjJfzMLXKawCy
2993,RGii94AcaZQ0h
2994,dcrBXQwAF1hUUR
2995,X
2996,p2jrz9Lk7SgnGg
2997,jIGMI2p
2998,L
2999,L2Xk
3000,CL1ZNQt
3001,1GScQu2OJ715g
3002,ELJh
3003,R
3004,Tnj0
3005,be
3006,RDIDfafD
3007,CNmR
3008,wOX7gxLVvU
3009,bvrnfP6F
3010,vO
3011,bLa63if1
3012,xSQgvyPFI2u6dh
3013,R01ookoFZD6Oviz
3014,vCPInSSkxg56Z
3015,Lk1WoGWwuMMxy
3016,GCmt2HDKJCOcr
3017,HfqliJ5Dcihfoa6
3018,7Mis17nRy
3019,leYpLSja
3020,sqF9nBVoYl2u
3021,VBL7Z8SgRp
3022,XqRVF2vb
3023,i22MznDaz3wvmb
3024,vsafU
3025,b8yOuLqZnF
3026,G0ab0
3027,2KWN3a
3028,xbnphnWLmMqjmZG
3029,c7k9sLP6voIXB0j
3030,GR0OIvKXt
3031,c7K9ZybjFrUpP
3032,ANd1GF4GH
3033,vqUISA81ZI
3034,EnPJ48xn1l
3035,QBIHQrplmD
3036,p3ufVKmk
3037,BTyQ2VmPuHyEp
3038,Gv
3039,N88HGb
3040,0WsL3FU0Uh
3041,9vnkxeSx18A
3042,vJPKV0sI
3043,92LMkfl
3044,B7l8TMSk99Bn3BO
3045,7V8wt
3046,y
3047,iW4FW5jFoDG3
3048,N9sr
3049,J7DlJfE
3050,tY6EUHBd
3051,4JSl3d
3052,RkU2ihwq3UC
3053,ZIOt3
3054,3ciBUws76xTTi8d
3055,avCT4DazH
3056,15
3057,f
3058,AUoFTm6
3059,lPt7cNma
3060,vS9xD0irLtKPc
3061,ZaLTfB2R48J1Gs
3062,q2U
3063,E
3064,arbCewjzSFHBlxN
3065,zQ1sZHzR1Z
3066,BN2JiZc
3067,0AR748Om2W
3068,eM
3069,JkaQkzb
3070,VQQJd0VnIMltD
3071,hmL1B8sgYpw2X
3072,gY
3073,tYB
3074,jDB950N2n
3075,0rnWYh7ERpL8yO
3076,V9GBB6Kd6b1y
3077,XQXfzFhQal
3078,V7m
3079,HEGW0phuDIEFH2
3080,Iv6leqe4um
3081,Uj9p63
3082,vj
3083,k
3084,Cn1Jyd8bOySM
3085,Hc2ABnEnCWCx
3086,3J69lpq7
3087,zHCdMddcY
3088,EXSSu
3089,E1p7
3090,khMSkQ78RJVP
3091,k8
3092,UtNNSqewX
3093,5pCFM
3094,O6u1d6QfE
3095,kiEqFRLTghvx
3096,Dt3t
3097,aGVMUde
3098,mTiBPCwnB
3099,2yG0UV
3100,Tr8PDtcgzc9pD
3101,N9YrLRx2sB
3102,v
3103,jd
3104,0E5ohjEHtfu
3105,Kjj
3106,FiIlUtjMGX6
3107,QV8L
3108,E3B98Dk
3109,aBBy4q
3110,lpZt2Ef
3111,y0bpFirof
3112,fJ9Y6Edw2I
3113,r0GVWVTVI
3114,JIDP2G1
3115,l890QQ8c
3116,m2X
3117,MT
3118,H9hqCFB50zGMV
3119,acnv
3120,f89hqAzEOGqJ5
3121,icoQVwH1bZul
3122,UUqPRGic
3123,Onsc1Ksd22
3124,kc
3125,lAfYD9g5T
3126,gpN5wh8
3127,3gHVuMjG
3128,LlrVZHpyBMJJ
3129,fF6pkjZ5YCN
3130,TDqgP44oU9aG5
3131,z
3132,xJ9eUwEDir
3133,qAZU4
3134,7MDPEXv
3135,mJ7PJv8udajnP
3136,vW73xXNkJDlF
3137,PiUhIYvqmZSoww3
3138,d6jTG
3139,hVNeBpwvdR
3140,RonL7
3141,j
3142,CgfRLREZuO9a
3143,DiA
3144,r
3145,o
3146,Bp8
3147,vh7hBz
3148,89ZH47EEuR
3149,2
3150,o
3151,dfpK
3152,0
3153,D9w6VG77
3154,JwkB09rdymIS2
3155,fHdE1sfIiHvsFxb
3156,l2QqsX
3157,WjoV
3158,2viG
3159,da7fFUBoR2bD4BC
3160,8MH3ZN0V7aQ
3161,2
3162,JkCaVw
3163,947NwN
3164,heayfpHUlt8ES
3165,mmKhfHj074
3166,LZTKzvd07UI4l0
3167,f
3168,T6bpUCfJTzrbU1A
3169,c
3170,gSPz6V2WLBayKp
3171,wv1G
3172,q4Qt
3173,Infw
3174,w5d9gkERA6Tgb
3175,o
3176,XX8pk
3177,sl6Zmrqiy
3178,4pWx
3179,miNjypmOTb
3180,yvWWawF
3181,61G15
3182,63xPU5OwcNK
3183,DjDxDS3oILq
3184,UeuMYHQ6A4
3185,9Ig42VW
3186,j9k53lkiZk7N
3187,6JZy
3188,nIpqk7MtO
3189,hvJkMc
3190,NSJiG6E5SpzI
3191,j
3192,JDXXyVxHfwvi3Jg
3193,BhFvdFQkp
3194,Fk3TIPj
3195,fL1O5YNhXp8n9e
3196,dqBu7GoKe1
3197,lFfVQneNy6lqBNa
3198,q5
3199,swtzKX
3200,NEQldExsL
3201,B
3202,LkCFDrSDaIasO4
3203,BG1V
3204,eXWssRCp
3205,sykoNXOSIhN
3206,ET52dvTIRZFHZe
3207,rWstPwzfG
3208,S5J3mtr63ARVOXU
3209,U37mwH4dhkNImpL
3210,aM5acCRkG4XWDQa
3211,3M4Lm
3212,4wSQMFpTAUSpCCh
3213,59HM5fzsbYZZy
3214,0imVd
3215,hg3Fbzxw
3216,jX5JnmXvsP6iW3D
3217,UN583tWqL
3218,yiRnQ5Rmztlw
3219,fFGNOn7
3220,TCS1P
3221,97ZvN
3222,MR
3223,dymboWg4q7aB
3224,VKXq
3225,t
3226,eRz
3227,zcq0
3228,t
3229,rTrq
3230,BuybQ9ypacw
3231,4OIrpsWwNnx
3232,raquXHMiqlGX1u
3233,iDRPebB8LF
3234,0SvKcMEXc
3235,LIwthGgXJk1
3236,l
3237,3uRuXN
3238,vZQz4qZWiAQaT2N
3239,UEwaOOe32T
3240,eh1
3241,kDoHLW28
3242,IER9
3243,Zbc
3244,EOgKoC5bHvyjb
3245,3kWZuN4Yj9c1Aj
3246,Dvs9ADU4MEc
3247,RQY
3248,3ky
3249,ifGvsWEMBA
3250,09iMNzGOb
3251,B
3252,8r3tXs
3253,oEP56qnDg
3254,2vMxpN9
3255,k0eR63WyZ
3256,4Spqg
3257,4LXte
3258,M
3259,F0Za5CamNRS
3260,n
3261,w
3262,UZDB
3263,FBjeuU
3264,KEDp
3265,v53vQ
3266,DYf120m8OqXh
3267,bwM0oGv8Fs
3268,eLotRuks
3269,2vXexVjYCsww
3270,QRC6ZK
3271,C5jPeC8N
3272,B7HcbfZXli
3273,3y5G34xaDc8NVI
3274,C
3275,aGQ2b
3276,rGl2iniPj1
3277,kSUCmlCYuKYg
3278,pIFabJ8
3279,ikCB
3280,WkA
3281,7
3282,qL2FLMkW2V
3283,wmrOCShK
3284,on7dlKRfKn3bT
3285,kLQT0YLEu0cd
3286,NQbVRF7mzXPR
3287,71esC
3288,72RGHpG4yjCl
3289,U
3290,ywMF
3291,Ym1oHE
3292,tI8CUYwib
3293,7hAk6JDgw7Ju
3294,zi0jtHL5O
3295,UmcfuR
3296,GGLF30yX
3297,FU2Rv6ub1fe
3298,l7T
3299,Gl
3300,b3cmBP41
3301,Z8AG
3302,RwB1OMG
3303,J524feDujORch1
3304,AMxVpF5v
3305,zWUL6RPH
3306,bKDKj5
3307,JZoqPTLV3H2C
3308,F5X0yWZkNk5oqR
3309,LWP
3310,eOQF4c
3311,3TzfaU
3312,5hPYy7Ju6
3313,S
3314,ZnJzTrRvTW0X
3315,4
3316,uS
3317,Ycz7A43z6ozY6Lz
3318,CrzbiSeXDXcp
3319,q
3320,usxaA7ts26o4Z
3321,1AHcTJ
3322,xIhjoc5p1vKIzk
3323,qk0P3zofBjhy
3324,AuY6Eu2HafBfc
3325,tjIy9
3326,qw7W7usC
3327,pNXYSokiXqn0
3328,9fWcv
3329,d9hZryq1a
3330,H
3331,t0DnTiHJ3l
3332,47e6qdRmRzj3R3
3333,APmNa6I56UB3A5
3334,TbSF
3335,NN1tCLe
3336,QgTSfA
3337,ShHCohw
3338,5vctqkLMvdT
3339,qOgD
3340,Jztl
3341,XXg
3342,jJs7Cj
3343,n8
3344,6w1hA0wKIfW
3345,zMxVU
3346,N2pvShW9
3347,EosIP3YIHo
3348,zsqLm5nzmnkyvyr
3349,C4SWLrabLOvo
3350,ILT
3351,W1nU97E4HgD
3352,kybrMJ32oxS
3353,P59FO63Uo
3354,JQCK4yk
3355,gsNrfplc
3356,9MEWI
3357,wHK
3358,zcWXYXp9f
3359,CHns3apKMaTVX
3360,dqwIbKsU4g
3361,Ga4b45ujEWfJa5
3362,d1hnaajBbt
3363,ZgvhbR
3364,0u0X0sM
3365,PPNYn2Tz6
3366,nv7ONcSegq
3367,WQkkArnMP6B
3368,qW49E7Aa
3369,nNE0FBQUY8
3370,E
3371,W0hKmE8aYXLJH
3372,Fo
3373,U2rReHi
3374,2e6g9K5vTIBSPXp
3375,GTt1
3376,dpiKF
3377,gYSN5oenw9a
3378,PBM
3379,cO
3380,iDKXYETQcsSn
3381,H4osLie
3382,hGwRasKZ9S7ED
3383,C
3384,27UPhjz0K94vW
3385,qhixhU7U99kwRI
3386,EmBqO5
3387,rRFYBrFV
3388,KRe5uXDaH04zp
3389,1cv8
3390,cNV1eajR4JKUNh
3391,Kpetfl
3392,pB6CYPikhBJ
3393,OnZJnRqW5HHtF
3394,a9EtOf6
3395,vdM3
3396,cXZ1x1B6X
3397,Lkcjg
3398,GguTgi6NnKq
3399,jQxpBsWwdRr6ZWi
3400,4JO625x4QIz
3401,Pnjb2
3402,hniKRLwwnl8H6n9
3403,f9aJN
3404,Sdk2EoRAVj
3405,7I2
3406,ZQHxae
3407,CNrFOg6Ic
3408,dUOQ
3409,W0syHGq9lp5q4
3410,WnEvxwDUMyn8W
3411,mSlIlquk
3412,10GfPTHhn
3413,6biP8nVmw9
3414,2nhZ
3415,tFLTUSPA
3416,KxRhq9
3417,lkCxB
3418,Nf7kM
3419,ogyDwKW04yE
3420,ThYsfBS9U
3421,WxGDlgM4qXKxRt
3422,kAsTja7
3423,O9OZ3r5N1g
3424,yVr1
3425,Oe5ny59v
3426,WlNdoU
3427,3i0TkefL
3428,ER
3429,wMxuw
3430,AooJ64wsJGd
3431,N
3432,shGhM
3433,KFI
3434,id0uayX
3435,hajcApePBrwc
3436,iXAElL8dVpDwX
3437,GfemoGufhqUhL
3438,O75ueiwJH4RzN7
3439,a6AL
3440,gsISVlf7ywwP4x8
3441,fWh78bcsid
3442,3OvKS
3443,CXyoD81y67oc
3444,Ox08UZc6bqql
3445,M3F0T3yBDw0vl
3446,yNBSYlvwRqqI0
3447,HAUwjN
3448,zm2nkaHsgw
3449,wT4FlR
3450,m9
3451,koc
3452,EuJIo3v8jFMZph5
3453,dwmTrrpNBns
3454,og3IVD
3455,BOhCVEo
3456,w3ykYqeJ
3457,L6p
3458,iQl9
3459,IR0yf5IlDHXs9I
3460,yD90uVxD8
3461,zNhuYNUV
3462,T4fnQkr4mzEumhH
3463,4ezfjdBjoHFVR
3464,zTYwb9oUzD
3465,oLkdOBuI
3466,HEih
3467,dZmq
3468,qARnrh8uTypOAu
3469,cnLT7FjC6FRS
3470,4jdg5qrkumub
3471,gLny2
3472,Qx
3473,peqPPvi01
3474,28jRk
3475,iG
3476,Y4uLnSulT1y
3477,7tmfV5VMQyWyj
3478,eYkDHV8uzXu
3479,i
3480,phUvakp8L
3481,QCuZ1B
3482,q3Clfg6AH
3483,uHOniyHNoW6CGqX
3484,7ixV
3485,6o8K0pArMTwo0aW
3486,7fDxvGk93KLN1
3487,D515xY3
3488,Z
3489,KyF8zz04CvuJc
3490,MjvoJlbtAW71bl
3491,AH785UOkLlOJG4
3492,8RnO4sEod
3493,fEUrql8GwuihbLx
3494,Wq6vq8aml1GxMbM
3495,ZawRPuw
3496,VXjsGl
3497,mGsmTtpyxnNEq
3498,NbNE
3499,gXWcAtskg6fj1oA
3500,7PInzdZbgOkAyGF
3501,aWUdgVtiT
3502,cym6J
3503,1dSfc
3504,wYllJ5vxzvXPbD
3505,LmU
3506,2714AH4Z1arzCNK
3507,F2
3508,zXzd
3509,5PJ
3510,iX72zLyd
3511,q5RipmjVm
3512,HxZRgPJQlsPVsp
3513,2RBeS
3514,ZHf39d8ZK
3515,dA9W8Q2d
3516,LbK8aBLgR
3517,gHIBHZ
3518,ej0ZrtIF3wYgeI
3519,UA3518DaQ5
3520,wbZyFJXl
3521,t8NXgiQezeL
3522,YPK
3523,DC762p5
3524,UC
3525,qq7FOl4dXSF
3526,FwXx9
3527,YxjqMrhlydUz
3528,Aa
3529,Cn3yDBB0LgXDEYv
3530,C2GWiYLh0ESBm
3531,NSXfw399mPRH
3532,bkXmfoCaKs5ko
3533,wCMBi
3534,aTNN8
3535,GDJt
3536,Y
3537,rpoM7ROQ
3538,56yMYAUcs
3539,q
3540,dvkTjc8
3541,Qw8JvvIvU0fkm
3542,Gu27sC
3543,miWZIhX7vs
3544,SixisPRbZkqA8i
3545,XES9iuZzJPoZ
3546,eA9
3547,TBVHHxJ
3548,TxmAb6nY2
3549,Rp
3550,o5DyBlI
3551,elQ
3552,Y
3553,sEsP
3554,LdaS75PPkCXm6
3555,CzJH
3556,M2W6
3557,Y
3558,te0fojn2ayCCDgm
3559,JuXt
3560,Grjkx9
3561,CRMLLu3oGTnPfG5
3562,EeUwC71cYyQ
3563,anAVJNvA
3564,R1If
3565,p0dZg
3566,BZzt
3567,Xadm6aJ
3568,baOH0yWU
3569,SWhmypNhYx8
3570,Ksgb
3571,wbgfxXTe
3572,Nn
3573,EdZJIRSuXiE7
3574,4hvctJz2J4qN
3575,j
3576,418Up7FdPA6ZB
3577,iQJ
3578,12GtGW
3579,vfST
3580,12
3581,DOnkvC6zLvO
3582,jlOw
3583,9
3584,ahy6uVZJc
3585,3CgCB4szF
3586,UWqA4xR
3587,11lDAxR4G
3588,NcrDZchXO
3589,odTVjdVNwCG
3590,m
3591,A1BL6Exl0QiRTR
3592,IK
3593,ueuAQAeX7GIpRue
3594,9ZvGKA
3595,wCU
3596,gXO8FVLbKltu
3597,M
3598,R9iy
3599,JotI22Do6
3600,9OqCypaaGp7
3601,7EPdSlRXT5AWa
3602,VGOyCZVoVLqVJ9
3603,nrjYinSKPvjB
3604,FLI
3605,VAaiaqhkY
3606,5yOXgy
3607,vDSZycSmi
3608,hcOG
3609,V5NDULIbLGoJ
3610,0gTg62vY8DJbug
3611,nwYbrJxlkulO0bq
3612,N4beUUBVuk
3613,w4Ue6HbysraNhd
3614,dMNAeSH1t
3615,Qgd7ou6Bea
3616,2HyC
3617,WxuMDd
3618,uCktAMAdp9
3619,1Txp7l9EqoR
3620,aLhbM1Px
3621,nkBQ
3622,7RIUT68qu
3623,N
3624,CwDIMZ0knKRniDb
3625,VKzV
3626,sA15S
3627,8mBVSAF
3628,dL
3629,q0JYnWKTrmm
3630,Ld
3631,j
3632,NXGGI7RRi
3633,YImxy
3634,m
3635,MxrZomdR
3636,i
3637,0kp2ewqxnNr
3638,kzZi0MUVBDRNc
3639,He1kUxsGXVn0b
3640,4aRMd0RqNm6S
3641,TtP
3642,eBLo08aR9ZLIef
3643,cFl67ShHBGK
3644,8FBmocV9
3645,BlWVJlI2RpZVeC
3646,AOVOYFmTGa
3647,djLcgb
3648,uyJP7AhFNCvzJ8a
3649,W7HMsIux7uhUqz
3650,9TMO61PkzYfX
3651,E1mUPsA
3652,CGlvbSn
3653,Y7vtkeuab
3654,WMH
3655,WSdfN
3656,Ams7
3657,Mr4e8NRyqHy
3658,EMZI3uPyywf0xd
3659,dikq4DP
3660,LA5
3661,eBC
3662,Zia
3663,2LdJPZETj6Q
3664,lrcMjRf8HkV6J
3665,oUo
3666,2
3667,KTOokRSrH
3668,DkTraQxIS2BYVO
3669,RJC0kP
3670,o
3671,mVlMCRE1er
3672,vNUiBlZD2np9Bb
3673,5V74Xl7m00I
3674,5SByjkbp3K
3675,opS61
3676,HkVMgMxEsiBF3z
3677,GKRwTmUM
3678,NKtLg6
3679,z1
3680,LfD1qXw3
3681,wTAOU7pYZG
3682,A9OTNjHPQfH
3683,CMJWazutlHn
3684,wMe
3685,F0i9nm
3686,EyogS2UO
3687,w
3688,KV00ao5nORfZ7Df
3689,aUW8Pu4Zb
3690,2OO7
3691,cdqwObC
3692,TG7ghuG6yFt
3693,Qw
3694,sw7F4n
3695,okDRCnhHd17
3696,Qy1cSR6X
3697,elvLBft
3698,UFebInA3c
3699,yXRv
3700,heFjh3ZENU3nJ
3701,18XbPt1
3702,Uw1SjbmL
3703,sb0epY
3704,wQWXARh
3705,d9
3706,m6R8w3
3707,YW7jCEWktaCi
3708,bIYOr8zX6ZUb
3709,lqnBoIRRz
3710,zOxa
3711,A8
3712,96O6r88
3713,4S
3714,OrkOGLo
3715,0u4f
3716,awnKGGdd1hLv
3717,hCZGBF3nwKJJb
3718,ZWwC1u
3719,JY
3720,G1WnDxh9i4ggSu
3721,FPgkm
3722,UFWOz2
3723,n7hoWzr
3724,2gdZtJX6
3725,EJFY8uSL
3726,FzdaeUbGNWLXBe
3727,S03dhYQHy
3728,luZAM5x9jB
3729,GoSNYuvw
3730,xW2
3731,yLS5nCcrbUV5cN
3732,zDxli0oZfKSXm
3733,V5FuJaKKiR44R
3734,e7IVhhCdkxDAE
3735,hlTvKnbG
3736,yCkN
3737,t8wKbG
3738,BnIbssSt
3739,SyWzMVySo80em
3740,Mi4XHolIWQ59C5G
3741,1
3742,anTw
3743,H77LHXDEptgVl
3744,aRv3ibi
3745,6R3
3746,BAI9vzK8Mmi
3747,ZrcQ3xirv
3748,N3PEtWd2C2
3749,UdUWl0VrXvJTFuX
3750,F8EvtCnJ
3751,siA0hE
3752,FzFGqLJy
3753,fiCHYokvFye
3754,1qSyikq
3755,2AzOOg
3756,HBDifr7tIm
3757,4Huc8i8NthWfO
3758,TzckKboba3nX1f
3759,cltKkpqU
3760,O5Sgi
3761,ZFSEiqHFVg
3762,TzSzIUL1uEbg
3763,QD
3764,qDnGIC
3765,UmWdy4XoWEg
3766,O2vxVVQ
3767,0rCSyKgM2
3768,Ho9vE
3769,J9IiM9PJazfOnBZ
3770,fDNdz
3771,ZcAhzPk
3772,l6rBsMPupTwAZhX
3773,Q4hIA4yTL
3774,wUli6x
3775,1dJk2vjRoEv
3776,IMO8ZF5R
3777,CUHbfnf
3778,dNCZdtAERDpf
3779,95kbJGqF
3780,8YdT4l1WKjOn
3781,lcRmJiAy7Zs
3782,PG2
3783,sM5Fd2LA6
3784,ZEO
3785,6J3x9NZ
3786,F2O70nr
3787,sy
3788,TCQFeHnlxE
3789,hcM7DF
3790,AjohwF5FyjA
3791,T8Jj3eOAL
3792,iZ2Zi
3793,igmny0DccSXhD45
3794,vp7B
3795,TGYp7gEIhz2g3
3796,dawU
3797,bgB71Jlro7nqn
3798,95MTGrjEd
3799,UccdhbAWX
3800,Va
3801,VIZWVdu3a
3802,Dh9rPV
3803,1XcG7Xi1
3804,5ycntoAffT8qV6
3805,uEfwBydWt
3806,MNXh4vm90wOuF7l
3807,qX
3808,cCogsJhpxi5a7
3809,GCDNbE1qZ6Slgt
3810,EioY
3811,nODnSnLz
3812,GwxS8Tox7rS
3813,LkxEGZFWe6dfed
3814,cYDjsB
3815,leidt
3816,Wx
3817,hjPhxpKDL1Y
3818,4I7nNEY
3819,HIR4sI7dvjyw2b
3820,jebP
3821,JncpNS90yqesJ8
3822,5pTe5yfMFd
3823,YNen
3824,4ZwdcTR
3825,2p1baciXAPabPc
3826,Q
3827,n5AG4Z
3828,UM2triING
3829,AH4uHz4ajGR
3830,M9zWUVhNN
3831,U1P
3832,Opz
3833,mwX6lI4NFz40va
3834,zgLCv
3835,pVF
3836,WpkU5slsRnpmYn
3837,iwP1m1kgYW
3838,V5I
3839,xgmXRJ1w
3840,2KwUXgagLHOeGBl
3841,YPSJxOn
3842,jA9vimbqt
3843,wC
3844,UqvDnRmvBu0q
3845,z6asmqcy217
3846,ztsmC3posFPh
3847,cxdN1
3848,I5DUsEC
3849,xi
3850,dpnUb
3851,k0d7idSnTq
3852,NkkeHm4wMZWNb
3853,8q
3854,75YWvs7iTt
3855,9o5rxkUt2eGaw
3856,5BVQGNnJNb1nbl
3857,9y8zySVK
3858,vx8ISiD1Zgm01PT
3859,uFX0D1
3860,e
3861,RXgFbkI
3862,7cfqLPdD0t5ugN
3863,Dwo
3864,LTsk
3865,lFdj
3866,mMniF59Huz5A5AL
3867,sZ
3868,BM321b5k
3869,L
3870,I2vnmyEzbTq
3871,DGzTi1
3872,tDSY5I
3873,P4G2
3874,uw
3875,ID4vY
3876,XH0ddzP
3877,g2ELNwf91Oa8uu
3878,IkY6SzsaCyDO
3879,Pj8Q4uS
3880,H9q46acNs1
3881,NElQF5cy9g
3882,n9MZbGEQN
3883,ay0N7qJkFxaBEZ
3884,nac1
3885,WjO1p
3886,lY5mMeaO4Bb
3887,EnPNLqLqm8G
3888,nnM
3889,9RAGM6Ott
3890,p3FtPZ9p
3891,IJMv2tvvRPnAtDr
3892,7q5u8zJLQPGHnfq
3893,8WE
3894,W
3895,EmpxeiE
3896,wL1CRMuWehqpG
3897,qx5RYjRnr0N
3898,MVMmv15j5
3899,TNYQ
3900,pw5z45eP83Xturv
3901,TdStz0uC9ey4b2
3902,JtoYy
3903,iJmJ8sAhxmYEC
3904,8sarKqaCt
3905,GvGFkRurR2
3906,ZReeb
3907,h2vcc5
3908,V7Gl6PtomE
3909,2XOjXBlkOl0hC
3910,8m5yFmgSiulhS
3911,sDIYPREYbe
3912,3WUHMsvYgRPjX
3913,ZsOKfud
3914,kB22Hiv2zO
3915,FrKoCBadkBbsikr
3916,gQyt0L1iJXO
3917,H6nrVac10
3918,xxIo
3919,J1At5
3920,J
3921,ZAhL5uVN
3922,Oj5HDaFfJCnOxVo
3923,AdBQMnG
3924,tUh2hvE
3925,LL
3926,8OlCAA5mihizOY0
3927,SZVv5dbrxlO
3928,C5ZGIGCI
3929,RfjXKpruO
3930,FetU9EHHZP6MU
3931,IilHkCZpSawa
3932,kTqCUCgrXhQ6
3933,8nsiT7
3934,pjcfFLeO
3935,8jv8s
3936,GHQZvBbs3
3937,hBAn5DyyHHf
3938,oD0k0H0
3939,k1aSob5S9elN1D
3940,z0PtxdCTT6S2
3941,2oQ7MsH
3942,HoPxc5HqtY0ee
3943,zblZGgIuB6D9
3944,OvTBd0dgkRO9x
3945,txeKPWXK
3946,QQoKr83vWIF
3947,3yg
3948,wkFALHxIQm
3949,JTKoD
3950,QPibz2u9uE31jMc
3951,rSI
3952,7XL
3953,zQKO
3954,hRDOXngbXbmcAQ
3955,AJw
3956,ClekCv7DOaT
3957,IoWxuI
3958,Ra
3959,bNFaM
3960,1sgOy8I
3961,BS0BiBV
3962,mq1
3963,NTQh
3964,0aePv
3965,jvxo4jHDQdS9
3966,qCPuNPJpQbiQ
3967,7
3968,TSdFJrvf
3969,fviR0pgz1g
3970,Ih
3971,iyjpT1
3972,vjj
3973,ENGIHAPWoYAM
3974,ayaf31ae7ckP1
3975,eNWW
3976,Uxkumme7RbQW49z
3977,srlXxVNAy
3978,M5khcsI
3979,WlGlkU
3980,7FG9Sbq2cMe3
3981,GhVMfLBzEiW9Cc
3982,tGFZUXu10v9tjYB
3983,ahOo1zSbyp8djn
3984,WainARU7BL2Re
3985,av4UXFsj
3986,r1XXPrfB7bhf
3987,TIpjtjAJwD
3988,UMlKC5
3989,Ksg2rqY5
3990,QyK
3991,AtybdgtU
3992,nMrWTfoiHnzXX
3993,TovmrJvmp
3994,7Ysr
3995,WwxwwfN7
3996,qP7i5W8vZwcg
3997,gAyBnObfkuDhjv
3998,FA8LO
3999,IKlFbri3l
4000,AjAGUeIagn89s6Z
4001,SdfRrd25JA
4002,Jr2ltdkk
4003,Kj
4004,OHsCGP4OwT1dDa
4005,yYNuY9cD8g
4006,9Lv5lWI5dpo
4007,J
4008,ne1s9ZhPMx9rQM
4009,y9ICf
4010,eaANdZdXm
4011,rfrYlWuo1flmg
4012,xRf0Mzm6y6bVnQ
4013,7BrWIAY0JTo
4014,GJch
4015,e
4016,JpfyWYs
4017,wYiy8PPeBH
4018,T
4019,a3cESyLr0
4020,U3PD
4021,nFA
4022,AX0YCIaft1ye
4023,zB
4024,9cJ
4025,XQznB
4026,qPKnXjWatKF6XTV
4027,72lp4xbUTJj
4028,nN3z8OdNekX7ru
4029,V3Xl1N0aKER
4030,Pwn
4031,8myKIv
4032,b
4033,q8bCFhjyDEB
4034,Vleuz7
4035,a8g
4036,L6dnTjG96DwDzG5
4037,8dD3cZC
4038,kS3Ht3AB
4039,ORA6z3v22t2m
4040,MUNHY
4041,M
4042,2ma1E3eoQXUP
4043,gs9rCm
4044,Nbwa
4045,GZN25dn94Q
4046,PxifT
4047,tyj
4048,80Ov77EX
4049,C2l51Jd
4050,6S4GsMToweB
4051,eF
4052,foS
4053,FxO4CcqEYbt
4054,ERCo
4055,6
4056,ZaDe3y
4057,m7kRxZjE
4058,3qIH26BJJelOLEV
4059,J3Ejuwf
4060,H0Bl5bq51C8iBl
4061,NwuexAVDbme7E5
4062,701a5O
4063,2Nc1
4064,7IiAPjQHQhcB
4065,IX
4066,EqiYMs96uVl
4067,FcFk2HgG9zK
4068,YJsqo
4069,p
4070,KjPWHg8FgarSbh
4071,AV
4072,PhL3AXJRK
4073,aZVAqGMtrMmCm
4074,FvQ0l7rmprdZ
4075,G5
4076,ApK3nET
4077,ErJuytSt2Ycxvo7
4078,FcUqYjmoj6
4079,Pn4pEFu4KJmL
4080,DWjHP8A9gnl
4081,ZH
4082,h4zQZRzYeV9
4083,GmT
4084,D506Q4
4085,FgK36Bal4Ghmr
4086,QbnE7cbIV9mp
4087,z9NmDT3tbjZc
4088,2V5
4089,2ld03cK
4090,XrqOdQnWPcNBRxs
4091,ZIjKL0SeO
4092,ATGzPFyc
4093,sIOuN6u
4094,jzgOOna4tN
4095,k
4096,arDUi
4097,Uvt6smEcE
4098,f7wyI
4099,sV7M4owj5uF
4100,Kgn6DuhwXXYs
4101,lmiAMyUq2
4102,I2
4103,cMe
4104,P8okfHUlyIw
4105,fYR
4106,ZzyYPy
4107,MrNu
4108,T
4109,TE
4110,AqH9CXNyD
4111,RaKZJ7lyTDem
4112,7yjX7STUKqCL2Hg
4113,xVb3
4114,JCGaUw
4115,PqY
4116,qOwHz
4117,RBgQTCl4gI
4118,wTkJxL
4119,GMbN4lZP3pzIqc
4120,GroT
4121,rqB5YvGvjifOd
4122,gUpxSLSNlEGxhOL
4123,5t90VV5qt9a
4124,K3sPM6256
4125,0kdYYaGZ
4126,Su6Ty5Dkeh5V
4127,ut2uzFOSrR
4128,RavKD3Xcwxiq
4129,y
4130,iFtqFaXdx
4131,3XzyBve
4132,kcRaf5uh7T
4133,2VIdhjMPnGMrW1
4134,RrzdPZe
4135,MLu
4136,mlTGfvcnSSk
4137,d
4138,1XwRiy
4139,QKpolSH
4140,OxEs
4141,ZjW1vTWF1SEk0
4142,B57fp3bc2
4143,9n25wOjfPO
4144,p47
4145,PqMqBA2
4146,K30XbGYv
4147,luT76UcqphiE
4148,5jxk7
4149,HCxJ
4150,MOkIqyv
4151,C3tIRaPvX460f
4152,g6c
4153,3QtX
4154,NSok3bru
4155,Wb
4156,ADT2yRsiJvJa
4157,jtargqFyXshS
4158,K8htDODo
4159,Mn4tCd88
4160,fqfM
4161,vPPvptBsb
4162,xXJS4YadrrNUVpl
4163,XGrvQ5W
4164,Vrca2kN
4165,9WVqXlRJsdQ6
4166,CKbejS
4167,WWxJ5yB91CoSA2S
4168,8VU4oc
4169,nu8EW12rsBvNc
4170,bSJQ
4171,S8RPUjKVXXVMX
4172,zof1HwlRS
4173,UyEPK6h
4174,z8ql4PrwJVcd9M0
4175,JYRnqbzDw9L
4176,Cz15
4177,SFq8t5Bwe
4178,qkyNqqO
4179,R
4180,vJ14dEAsEM
4181,L
4182,8OHS7Z3SyX
4183,UBV
4184,nogJLYHaYpswB
4185,7XEXq
4186,MwQheGDQKbQDlC
4187,iMPS0D
4188,PFzWUJT
4189,9Pm
4190,mHm4l9dVx
4191,osG2NOtCWLch
4192,IhCcDNtbdXpi4B
4193,V3
4194,YKJHgPUE7Np7kas
4195,wllaobidfFFF
4196,TAf3i7VRiwJCcY
4197,tFLrIbUOyOjw
4198,9
4199,Mjm9tX3oxFrB9
4200,qDqANPxaq
4201,JhB93NO
4202,4a0W
4203,wcoVUymHp7cyFRg
4204,U
4205,KAsssBzbJ
4206,SgfMA0BJe
4207,IVcA33PDqAJVfw
4208,be
4209,De2moRSYX
4210,BqJ
4211,kcxLa0hxR
4212,vv4
4213,lVCw
4214,PZiyv9sT
4215,wNyLfVG8O8eZKI4
4216,4KMa6DOOqZf2r
4217,LthtoeD
4218,Oo
4219,gu8KjvNUT9biSf
4220,gkUaHKFjz
4221,UkZtqx
4222,VxSuKqjSyYSigUV
4223,ieS3e2H
4224,P
4225,1
4226,PXTiLu
4227,5ZplVZ8HOhpTpK
4228,GByqiHt
4229,du8WifjRLSzxP48
4230,F9y2bSMnC86
4231,zF4rCvazL
4232,GDyDasElO3e0G
4233,b3
4234,Fsq
4235,yc2Lw
4236,XYGSv
4237,kz401qa5PO
4238,NAekby
4239,YS6g1hR9G1EIFJ
4240,XKJO
4241,HU
4242,F1WMIyU8UDK9k
4243,PG99IEuhhq3
4244,ttk1Nk8
4245,u
4246,efL4g
4247,GrzB9ZZ28
4248,jA3a
4249,PKCon
4250,pxw1L3aPqsJrX
4251,RQblFqA
4252,TBzgIR
4253,L4HnWS5CLloTQaT
4254,4UQ9r
4255,APPwQZD
4256,0KeQnzxE
4257,9qhcno16Fdq
4258,zBWoJxs7h6j74H
4259,WgNAWMaAfX8l
4260,ZKeEKbFvyRsvzQf
4261,Kq
4262,Cv
4263,sdgHbqYv
4264,Opk
4265,OGrlYaA6Gb
4266,kT
4267,nTj4uGHiEpwR9a
4268,hI
4269,ffl8LJf
4270,3ve
4271,BVXPeMK8
4272,wZuYzZC
4273,wJyi3VvcSj
4274,xSmme4PtPtxbC
4275,7AHLwBNxsGrW3YO
4276,LP0ZIHKnxjZ7
4277,qSy8I
4278,sgM1rn
4279,Bttau
4280,MTLVTIVR7ySiyZE
4281,0
4282,h4f
4283,mvc
4284,CevcyVyXsS
4285,z
4286,5nxK8rVGCZTgQ
4287,meTuX7eY5Zyo
4288,sJBvaDyCmAMo3
4289,vtddR5LOmNhWp
4290,0yjTQfjC7a
4291,LQYxRU
4292,kpTes
4293,3AEpZ
4294,6N9YOnJd
4295,dc4
4296,whEzh0m
4297,1QlKknMWiBJSV
4298,e0UqQb8yfex1Z
4299,6Y9yQCimvA6xR
4300,N45MF
4301,AuJoOTbH5Y
4302,qNp4
4303,jeLG1jBr1R
4304,KvrjCXinAPBB
4305,A3bDnYrqGB7ULD
4306,OB
4307,U1i
4308,dS7P
4309,VEjTOIj4su
4310,uLpzQJmA
4311,bs
4312,7RKz4NJ2i
4313,TJWKdGWdI
4314,b3XnnVtouYlpefE
4315,e
4316,kZCg9bp93
4317,DNsae0i
4318,HPbrsz4KbheGT37
4319,mVS8lOjCuQSD2D0
4320,u
4321,3KuW
4322,TvkSQMoXfiw
4323,ZF6hh8QmcwPjXm
4324,jRpev
4325,84I7M3yAQbnuUV7
4326,MW26Wn
4327,wIIZXo
4328,StjFFkPk
4329,ov14aW9
4330,ynZH2EAcm
4331,DFiJPJyk
4332,IoqgLL
4333,JJX53DLf0nIQk0
4334,XNg3
4335,irfteqQ
4336,OM
4337,0
4338,HFnV98Oi
4339,IKNbjzPsaL
4340,VfreZ4I9Mm
4341,1pzoHuu02oR
4342,2sTSvkT
4343,8CR5jNsr
4344,9
4345,fdZvKFEEiE
4346,MrkfaWZUh9NhjB
4347,Oj8W
4348,nZmLtafeL
4349,ZQz59sXqSlM
4350,XLaGu
4351,UNdzpK1qNquVg2H
4352,xbufgZWM1
4353,2kHMHj8gT
4354,WNodawEwU7Ga
4355,I7dnGW
4356,B85YrmsrdCu0C
4357,h
4358,dryNez66wEs
4359,OT6abCNXw
4360,eu7eZzQTqJE
4361,JLFgTFR
4362,qkIic
4363,WqhG
4364,piPShblqtK1sa
4365,EVSDzJpBY
4366,i
4367,DNIru
4368,5JCyjTE1ZkD
4369,Krai5IYwAQGIJ
4370,1
4371,SkuKV
4372,GVWQ2CIeMSaPZl
4373,CYNyRGLUSn
4374,abfqz
4375,78zcw
4376,IpcLMWOBhioWtFV
4377,MC
4378,BQ5Fuw9U
4379,Nupj22Oy
4380,MllT
4381,aE7kiql6
4382,Sj6Bh
4383,jvmE4w3
4384,aNm78hMw0
4385,MlmrBT
4386,dN21B
4387,ph
4388,AfmUFOIJX
4389,9izDxtrsoe6
4390,BnC8mMtoUNwqTrW
4391,SQ0eCi
4392,I0XpTLmBffmDa
4393,bzjIWR
4394,cZvS15GRZtZf
4395,Oomqtgax
4396,M4tKxp
4397,FJOSmhE
4398,3xbKy9dDdW
4399,PBN
4400,sft1P56NbsezZCL
4401,scE
4402,f6O
4403,YcC50eZlrBvy9
4404,zbQIwCqzD
4405,KNVCOVNrfHIAHBr
4406,S
4407,7wqb937Ts4ijAvg
4408,lVdR3FDstfzEzJz
4409,Mzpvf
4410,lWD
4411,ix406j27sqRXHe
4412,WiA2tS
4413,N
4414,EA5om47DXfdKCt
4415,y16f
4416,J8QMIBTxojMyik
4417,U0hxgtKb
4418,UvH
4419,F
4420,wjueS4XJyc
4421,G3iqAQRJDKo1
4422,8mCKUO5JX
4423,h7gb3Sf8hf
4424,Crwsrei9l
4425,v
4426,rdC62Y6
4427,R8h4wE
4428,Ge2DAx1
4429,if6ijKtDyzopYH
4430,TSCi535SzrEDjh
4431,brVYSvGAs4Jretz
4432,gQgatSu76OthIIe
4433,2vPoRyA7gUMJ
4434,8HSNzPwQy8XiknV
4435,r
4436,fCI9CEnT9
4437,phirdylO25
4438,UlyjbeEmSPyP
4439,lZNnX1VTzbjZ3
4440,COg0K
4441,q8Hg3Y6cl7
4442,x1GiQcXa
4443,trZcrF2BFDRRytR
4444,O3pEfFTvrYb
4445,Nb
4446,GvwzeSCIMA
4447,v6QlsuiXb
4448,FQtQ1bYy
4449,pjM
4450,GfNzzSfz
4451,3Pb9pn1lXs
4452,8j8WdRhALi9hZ
4453,4JQ4
4454,J
4455,dpwET
4456,0pr67aGXF
4457,16WIGv450e
4458,hSOG8
4459,LOH
4460,L9ZSVZHm0o
4461,Hz8b
4462,Dsv
4463,3Mjq
4464,OZabhk2ca
4465,88s
4466,cgncrn
4467,L9zx3fKFBX6A
4468,YpGN
4469,6xI7FN
4470,564GCusHKM
4471,VsqO7vRR4Sc
4472,i15UOw
4473,fcqcYb
4474,oQ
4475,zQVzIcYyW
4476,rPA1gx
4477,WfgOu5R75d
4478,RClShpUlWu
4479,wvfvJGkGp2
4480,R
4481,xv09pLY
4482,U98JGY7KE
4483,k3
4484,bwpnfYw8OU
4485,hEIF4
4486,3
4487,98XfHfKMTJff
4488,8UL9eI
4489,XojfE4OzKXWdAO
4490,Y3sT
4491,cqXqBQggM1
4492,N
4493,FQ0ZuQ9
4494,zLHSu
4495,m537VhWWqxo4
4496,AkCIg5tzCiP
4497,DgvL9lGy2k0SEH
4498,YSlq6B
4499,uhQhDS39WV46r
4500,6isdc7szVUbCd
4501,N
4502,nzEPYmsSkMY8hBe
4503,R4zh03WnPf5tyo
4504,9y2kQykdlnLT
4505,N
4506,XpOz
4507,Aj9hGbQ
4508,G
4509,VL1tdhSuH
4510,m
4511,J7md
4512,kYa
4513,kRTedGSGjdiH
4514,cKeFKAwD
4515,UGHuNBUHtdd9w
4516,TD1
4517,l3zrEoY2
4518,o
4519,y9m7P32Qrp9jec2
4520,nuS5QkfLu77o
4521,cCW
4522,gp2yUj2ECP
4523,qD8lPBzIycbDJH
4524,wYQFUWMl
4525,jmLpr25Hk1m
4526,g7SVEB
4527,Ft2ETmQA2odQDcs
4528,5mqJJQK9IhR4Dh4
4529,uWTLhMD1UAty
4530,VWwHqh
4531,AZrN
4532,5TXR
4533,237
4534,Qk3G
4535,a5xxp3pghWry
4536,s2uSedP
4537,x1CRgEy
4538,79tDdoG
4539,sjbJ
4540,HUcR
4541,S68B5PGeqhe4zm
4542,Mj0qL1WSPAKjOHx
4543,8ZoaR7Gc529VLs
4544,FwGnN
4545,g
4546,JU50rUK
4547,c5OLpaiuWNP28
4548,vH
4549,6j6
4550,SkhXRa0b3lc
4551,7Xez2kH7NhP80
4552,EyMHptOQlaPmO4
4553,zfnukcs
4554,v
4555,oKspMgs
4556,6oh5UzNfi
4557,AR7Yc
4558,UJaNw
4559,EUnP83AitOx
4560,wkkW2bm8Ejfw
4561,n
4562,dDh1k
4563,U4AhBM778U1
4564,brv
4565,PaE11vO8gq
4566,i0LY
4567,FR11Ws
4568,LXBoMzCjf7X
4569,oJsc
4570,RzjDblXDiAeuh
4571,SyddxECf0
4572,pIImYgWrAY
4573,vNo
4574,VuE6DKNGJ
4575,gzhypwklNtXaOD
4576,nf0skDRa
4577,fu
4578,jRCEAq8k1AcoMg6
4579,tIQ3VrsvjJWv
4580,dX0j
4581,J87V
4582,eowRhSRUFHfFVo
4583,k
4584,YOKuDd9sMGK3
4585,EUTr3g
4586,zAkwcQoy3zXup2k
4587,Cdw0hLL
4588,8G7OxXGTwO
4589,LjkJgU9nK7Pgb3
4590,EYFg3FV4PgSf
4591,aRKvplxkN
4592,D
4593,4KU8PvrjtGs3aX7
4594,L1jD0Q64R3e
4595,dKexoSZ7hMec
4596,Gc1t1Px2
4597,MTqERcnWdJV8S9q
4598,kugsmhmovV
4599,VOaBPy
4600,8L62v
4601,tdRCG
4602,l1wREWDZgz
4603,KSVELvdmUCq
4604,5Tw8OeLL
4605,F4EzGdxmxIs
4606,1K
4607,ZII1Q
4608,QsSyRQRnTQ
4609,A2ORcKY
4610,GpT3GA01WcX
4611,rGPWk69KN
4612,sCrDwp4I5bf
4613,j
4614,K0kUWzzOUpNI
4615,OEFYANe
4616,4mAO
4617,1pANBH5
4618,UTZWe2bY5nA3I
4619,uCU3
4620,079lDgHilP
4621,fIr
4622,o8V8ihlW9dYiC3
4623,kQsB
4624,lxe78
4625,H
4626,DwkmExHq4ooqH
4627,Yn9Ip
4628,cUCRjnd8SS3aOZ
4629,BDK
4630,cTdKf
4631,Zj
4632,MaMWsoPvgeu
4633,1SMQ
4634,H1VZBd3F
4635,BSWVlJ
4636,z
4637,xtP2mhO2
4638,qqDTpfBuq
4639,Ly
4640,V6rOL1ngdkXZYz
4641,jWF88BwhM9Nl2i1
4642,HIpE0sF0ABDo
4643,HUidpYANKM4ZM
4644,HbPqr5k
4645,u7
4646,lrbake6f06
4647,igUL
4648,mKm8gHkVUZ1VK7
4649,1
4650,enGdRMcnN4J
4651,H
4652,777acvwCLw8RxeV
4653,1fr8VBC
4654,HtaQkIKsy
4655,CQVbhEgp
4656,cpO
4657,ENMvxSwy1K
4658,8tLpETVgAXlnkW
4659,pNFY
4660,EeJuq2U3w
4661,NP
4662,QE
4663,cUXcJw110G5k
4664,AaFowWimD
4665,Iu1
4666,GtG7
4667,0tHPm2S2J
4668,2gdl
4669,mk583ZUur
4670,wrhY5CIfxe6kYQl
4671,v
4672,DMBjjMhOrCe1hr
4673,qgaW
4674,w
4675,PICErpY092n8
4676,qgAw7Fr6cAmnNM
4677,WdkW
4678,jOH
4679,LqJ
4680,AW3NA1IhGhSZri
4681,mjbDa728wa
4682,nnyBs6g3rv3ch
4683,BywyiGKqGgmE
4684,DOBQssJ
4685,t9TBNl8unaLL
4686,s
4687,MhZ
4688,ipmauv0HaEYEW
4689,oi
4690,sNgOtdq2QCWvDA
4691,p5OU3aX85
4692,tFYgla
4693,2Zm4hvkYTkr
4694,R
4695,PYedW
4696,8pBpDa
4697,H2MHRzstADsJ57z
4698,a5sTfx
4699,sveyD0
4700,5Ji
4701,LK56hcDFg
4702,P6tmZ5Hv2I
4703,uUTuR16kD
4704,ktxz0w30XVO5
4705,p5ynKfLWSEdu
4706,QoJfN
4707,9h
4708,qc1vmmXfoqBn5
4709,HSIeH9SluULt
4710,3M6
4711,Shkftjl
4712,CYExcS3
4713,pwhEAsbzbV
4714,LAn232kmuJ
4715,eM5ATbT2T
4716,S2ZVLABeHVafw
4717,JcZPtreePAC
4718,enX5
4719,LIwDXMsCAxc5BDp
4720,JJNTSsSYed
4721,RAyHTCGd4O
4722,2pTWf
4723,W3BboP
4724,f
4725,ccU
4726,d
4727,MS2VMGH1ui
4728,rToWWt2xJ1lHax
4729,fHwrVgwdSYuXl
4730,4Y8JCwr
4731,eFysW6i03
4732,myOpV4ARV
4733,QQ
4734,sds6cjYV81qiDdW
4735,5x2
4736,7Q6WvFRj
4737,u3poy7H4nR516t
4738,9sIpAs
4739,socieU1keHTCEr
4740,ErNzTjdzEXM
4741,rUTW
4742,P
4743,td72W
4744,2N7BkT
4745,aMWp
4746,PhWS
4747,Rp7RqF3sZ09SAIh
4748,bJkvir
4749,N31NyIciTFmRvYD
4750,8iZn2B
4751,dprSALayZ
4752,xcPcG
4753,RCIjSpr
4754,l
4755,jrgI83KAV
4756,Dif7stVc
4757,N5PA4xZpXi
4758,azY2X1auD1RbJMZ
4759,bKpBjBLwCgk9YY
4760,2lKM
4761,NsA
4762,jW2OQVmEgTm
4763,2
4764,FLsik
4765,mrA5LMPs3
4766,k8
4767,rvfMJIQnahYcR
4768,hZ
4769,dAAJFYnov
4770,uhc3l0jY0nso6XR
4771,WR6EqPzK
4772,A
4773,VPt
4774,dgaRwdC0tK4F4
4775,kKYjxwc
4776,4MDkXab
4777,amy7HP
4778,DVJiWDWfIXePDKR
4779,G6pMNe0X1zfDq
4780,0VwZsP
4781,D
4782,KYZ6y3dk9F8i5k
4783,qf4Jab3RDzH
4784,03Y0MxJqMcNJ
4785,Pm26D
4786,35rvi3UVozwqgE
4787,sHfAECjRlYo
4788,i4TTygYnPr42yp
4789,s4U3z
4790,NjY7F6RarVj
4791,x
4792,codb2m
4793,vbLLC6rAJCug9
4794,ivMTvKkn
4795,ikUgN9UvFrl
4796,SN3Z
4797,2cFVYW9ifwIMwq
4798,eN7CPjF7xwG
4799,3B1sfmsDZjgHv
4800,3iyr0
4801,5jmKcB
4802,CI3W6z8f6AtFk0J
4803,3O3O7H2D
4804,lYys
4805,o7UTGJmvqH
4806,n
4807,m49RVwm7u
4808,y
4809,TW9dsLyHxQkT9d
4810,bJkpTZa
4811,ACq9rf
4812,cIO
4813,TgXPJdc4
4814,gWRychNS5SGINfx
4815,FWx3lgVQOif
4816,uC98CLtze3
4817,BE4
4818,Evv8wyCz4
4819,CVpnPK
4820,Uqxz
4821,yg0P00
4822,6bLE5FSenj
4823,H
4824,Ki1ltJ1GMaryT
4825,OdXq
4826,Q
4827,29n4
4828,zrjsxUr
4829,LcLEkSh4mkooU
4830,alPAY7xpT
4831,NYBGp61p
4832,NPqrGWiSPNyCkAC
4833,Vf
4834,T4ho
4835,Hwk91xCEbmbpn
4836,F9h7X2
4837,9Six3G
4838,PpYdde23vtm1qO
4839,fG9mvg
4840,UpdJYI2Bjz
4841,iIWw95
4842,Cxu8hwil5tlWV2
4843,0J
4844,4G21sAsuZgcK6Af
4845,jJRacGAmCnC7RN
4846,ZTIsTqpa9G
4847,MU9OpF7SdoVl
4848,1C6Hp
4849,xF3
4850,ZknhQ
4851,YwM
4852,TP8aWF2ra
4853,KxWrdfClXK
4854,gz5c
4855,idWAhb3
4856,VOcpP7
4857,V4b
4858,yexq80boFJ51
4859,DNE0g5w
4860,h
4861,5
4862,6QgASKMvN
4863,w3ll4ern646
4864,P85z3Y9reh6dJ
4865,EuUfUL
4866,h4mFkDE3HR6
4867,PrXunydkQZAoOG
4868,Cm2k
4869,GNDiHLbyFUyfUNF
4870,eRETl7
4871,aJmg4
4872,aKA
4873,orflwviFdXb
4874,qvciyrsMtBc
4875,ujtBD0T
4876,HCEfVF
4877,9
4878,bO8LsydxK21
4879,wbiRt
4880,8Ypc
4881,BpY
4882,i9uKJ8K
4883,y9BN2
4884,ZTmRpTXZ
4885,e5I
4886,pXg4
4887,dFKvyXllx3QQtLo
4888,Hntq3IkT25Kjk9
4889,Zh5hRT7
4890,hRSPg8cP9FWpB
4891,YsRXevqwF
4892,uOM
4893,M
4894,btG0vPj
4895,An9X
4896,SnDli4VEpe5cp
4897,M6i8v9CLm9vP
4898,YvUw6jzmjHu3UIs
4899,bCoFKs
4900,tT1IStW
4901,5Hu7BqLMF2eXxcq
4902,ovR2maAMS1O78
4903,BMOgfLuQN8
4904,yT
4905,RJZDNYd0Q3g
4906,hmqzMYZ
4907,PbfEiVlbepBSC2
4908,3Yj6cNl
4909,PYWScdNLBfBA3QB
4910,YAJ9F1WTp
4911,B4t
4912,2DQZJKC4MfZV
4913,m9Ix6Hi5Z
4914,Fmnc8vxJ
4915,7rpkzyn2Xni6f
4916,ijbxicYiSexU
4917,h1cm
4918,iyW
4919,9qWvb4Ne5tJ
4920,beq
4921,DeMiPqLs
4922,xy9f
4923,ZXXbjfGb75P9
4924,i
4925,v8C7GUO5JquoE
4926,rmGyvOWxe
4927,VZ1d6Tt
4928,atl5i9P6G
4929,hlx
4930,T1hssfAgfpMl4
4931,x54NLFIlV
4932,KkR
4933,1TlwNgpL8FlK7iX
4934,GiJcs2pOFqzjsDs
4935,qFAqjT94Hvn
4936,pcITI
4937,SsE0WFb
4938,JJ7josME6v8Jm0p
4939,bvMQNjOmPVc
4940,fd1
4941,QOwNAN7
4942,epHCHv
4943,QUnybC2m
4944,X
4945,IkUovf4KlUwPu
4946,ftWRTDPiYsAw
4947,OKoqqRmVNCIA3
4948,8TpE1
4949,b4FXt0i4
4950,0DEp4XUKqI
4951,npRFDgMNU4c
4952,MDpGws
4953,ehKmYWdsV5CVyI
4954,wb5Rtn6RX9a1BY
4955,b
4956,ma6dYdyY
4957,FZfKA
4958,Rz1Jhmpwt26a
4959,BHD4Nz
4960,v
4961,tS2Ik
4962,MYepkowyJWtq3a
4963,owG
4964,5nbPm
4965,nvj6
4966,k5FxKVpEMP7kaSL
4967,OFYe4fmsBfx2Tf
4968,H6gfPrsP1EcfWz
4969,pJOXa0dE9tJ8kW
4970,ceWoEQtv
4971,CW7
4972,oOlMsVEWN4t1ba
4973,t6U4LPhDbuQ5roY
4974,P1PCmXKw
4975,6y
4976,eHODySJS
4977,ds8Au4t
4978,Mu8ydc9eMhM4lP
4979,rk
4980,oeiVY7g
4981,IXuu1GR
4982,pDWYQ51Ll5E
4983,hR0KAn7mysx
4984,2hwooPZhhu
4985,CnnHqgeLnKyq
4986,Lwk
4987,H7SdvXqA5EQNGU
4988,czPvGaw
4989,BBOdOj2IuNFy6l
4990,Z
4991,nLmJtjS1m
4992,Q5AsczSqM32pRpm
4993,QWNHG
4994,F7RIst
4995,tZAPgdM7jH0Sw
4996,bExPwk
4997,Z3rVWcgKiKtLoL6
4998,up
4999,b666
